"response","data_scope","engine","model","estimator","component","term","estimate","lower","upper","interval","fit_status","diagnostic_status","boundary","exploratory_only","note"
"lnRR","full_318_effects_36_studies","metafor","current_common_study_sd","REML","location","animal",-0.267911944347663,NA,NA,NA,"success","baseline_reproduced",NA,FALSE,"Current comparator: one common study SD and category-specific residual SD."
"lnRR","full_318_effects_36_studies","metafor","current_common_study_sd","REML","location","plant",-0.407822516243521,NA,NA,NA,"success","baseline_reproduced",NA,FALSE,"Current comparator: one common study SD and category-specific residual SD."
"lnRR","full_318_effects_36_studies","metafor","current_common_study_sd","REML","study_sd","study_ID",0.246602626563183,NA,NA,NA,"success","baseline_reproduced",NA,FALSE,"Current comparator: one common study SD and category-specific residual SD."
"lnRR","full_318_effects_36_studies","metafor","current_common_study_sd","REML","residual_sd","animal",0.258090248448751,NA,NA,NA,"success","baseline_reproduced",NA,FALSE,"Current comparator: one common study SD and category-specific residual SD."
"lnRR","full_318_effects_36_studies","metafor","current_common_study_sd","REML","residual_sd","plant",0.306085007050094,NA,NA,NA,"success","baseline_reproduced",NA,FALSE,"Current comparator: one common study SD and category-specific residual SD."
"lnRR","full_318_effects_36_studies","metafor","current_common_study_sd","REML","ratio","residual_plant_animal",1.18596114688492,NA,NA,NA,"success","baseline_reproduced",NA,FALSE,"Current comparator: one common study SD and category-specific residual SD."
"lnCVR","full_318_effects_36_studies","metafor","current_common_study_sd","REML","location","animal",0.298909731899444,NA,NA,NA,"success","baseline_reproduced",NA,FALSE,"Current comparator: one common study SD and category-specific residual SD."
"lnCVR","full_318_effects_36_studies","metafor","current_common_study_sd","REML","location","plant",0.383457737732973,NA,NA,NA,"success","baseline_reproduced",NA,FALSE,"Current comparator: one common study SD and category-specific residual SD."
"lnCVR","full_318_effects_36_studies","metafor","current_common_study_sd","REML","study_sd","study_ID",0.235602910594717,NA,NA,NA,"success","baseline_reproduced",NA,FALSE,"Current comparator: one common study SD and category-specific residual SD."
"lnCVR","full_318_effects_36_studies","metafor","current_common_study_sd","REML","residual_sd","animal",0.433174460786839,NA,NA,NA,"success","baseline_reproduced",NA,FALSE,"Current comparator: one common study SD and category-specific residual SD."
"lnCVR","full_318_effects_36_studies","metafor","current_common_study_sd","REML","residual_sd","plant",0.728165177595508,NA,NA,NA,"success","baseline_reproduced",NA,FALSE,"Current comparator: one common study SD and category-specific residual SD."
"lnCVR","full_318_effects_36_studies","metafor","current_common_study_sd","REML","ratio","residual_plant_animal",1.68099748141392,NA,NA,NA,"success","baseline_reproduced",NA,FALSE,"Current comparator: one common study SD and category-specific residual SD."
"lnRR","full_318_effects_36_studies","metafor","primary_diag","REML","location","animal",-0.217785339237111,NA,NA,NA,"success","converged;unavailable;unavailable;clear",FALSE,FALSE,"Primary DIAG study-effects model."
"lnRR","full_318_effects_36_studies","metafor","primary_diag","REML","location","plant",-0.464249960257429,NA,NA,NA,"success","converged;unavailable;unavailable;clear",FALSE,FALSE,"Primary DIAG study-effects model."
"lnRR","full_318_effects_36_studies","metafor","primary_diag","REML","study_sd","animal",0.150782067640169,NA,NA,NA,"success","converged;unavailable;unavailable;clear",FALSE,FALSE,"Primary DIAG study-effects model."
"lnRR","full_318_effects_36_studies","metafor","primary_diag","REML","study_sd","plant",0.316026319062712,NA,NA,NA,"success","converged;unavailable;unavailable;clear",FALSE,FALSE,"Primary DIAG study-effects model."
"lnRR","full_318_effects_36_studies","metafor","primary_diag","REML","residual_sd","animal",0.266015643659727,NA,NA,NA,"success","converged;unavailable;unavailable;clear",FALSE,FALSE,"Primary DIAG study-effects model."
"lnRR","full_318_effects_36_studies","metafor","primary_diag","REML","residual_sd","plant",0.306705927846264,NA,NA,NA,"success","converged;unavailable;unavailable;clear",FALSE,FALSE,"Primary DIAG study-effects model."
"lnRR","full_318_effects_36_studies","metafor","primary_diag","REML","ratio","study_plant_animal",2.09591448113635,NA,NA,NA,"success","converged;unavailable;unavailable;clear",FALSE,FALSE,"Primary DIAG study-effects model."
"lnRR","full_318_effects_36_studies","metafor","primary_diag","REML","ratio","residual_plant_animal",1.15296199737255,NA,NA,NA,"success","converged;unavailable;unavailable;clear",FALSE,FALSE,"Primary DIAG study-effects model."
"lnRR","full_318_effects_36_studies","glmmTMB","primary_glmmTMB","REML","location","animal",-0.217785356806151,NA,NA,NA,"success","converged;available;positive_definite;clear",FALSE,FALSE,"Exact-likelihood replication of the primary DIAG model."
"lnRR","full_318_effects_36_studies","glmmTMB","primary_glmmTMB","REML","location","plant",-0.464249954358245,NA,NA,NA,"success","converged;available;positive_definite;clear",FALSE,FALSE,"Exact-likelihood replication of the primary DIAG model."
"lnRR","full_318_effects_36_studies","glmmTMB","primary_glmmTMB","REML","study_sd","animal",0.150782180833882,NA,NA,NA,"success","converged;available;positive_definite;clear",FALSE,FALSE,"Exact-likelihood replication of the primary DIAG model."
"lnRR","full_318_effects_36_studies","glmmTMB","primary_glmmTMB","REML","study_sd","plant",0.316026442334302,NA,NA,NA,"success","converged;available;positive_definite;clear",FALSE,FALSE,"Exact-likelihood replication of the primary DIAG model."
"lnRR","full_318_effects_36_studies","glmmTMB","primary_glmmTMB","REML","residual_sd","animal",0.266015657047102,NA,NA,NA,"success","converged;available;positive_definite;clear",FALSE,FALSE,"Exact-likelihood replication of the primary DIAG model."
"lnRR","full_318_effects_36_studies","glmmTMB","primary_glmmTMB","REML","residual_sd","plant",0.306705966385553,NA,NA,NA,"success","converged;available;positive_definite;clear",FALSE,FALSE,"Exact-likelihood replication of the primary DIAG model."
"lnRR","full_318_effects_36_studies","glmmTMB","primary_glmmTMB","REML","ratio","study_plant_animal",2.09591372525956,NA,NA,NA,"success","converged;available;positive_definite;clear",FALSE,FALSE,"Exact-likelihood replication of the primary DIAG model."
"lnRR","full_318_effects_36_studies","glmmTMB","primary_glmmTMB","REML","ratio","residual_plant_animal",1.15296208422516,NA,NA,NA,"success","converged;available;positive_definite;clear",FALSE,FALSE,"Exact-likelihood replication of the primary DIAG model."
"lnRR","full_318_effects_36_studies","metafor","sensitivity_un","REML","location","animal",-0.234909937754492,NA,NA,NA,"success","converged;unavailable;unavailable;at_or_near_boundary",TRUE,TRUE,"Exploratory correlated study effects; rho is at its boundary for both outcomes."
"lnRR","full_318_effects_36_studies","metafor","sensitivity_un","REML","location","plant",-0.432336960874386,NA,NA,NA,"success","converged;unavailable;unavailable;at_or_near_boundary",TRUE,TRUE,"Exploratory correlated study effects; rho is at its boundary for both outcomes."
"lnRR","full_318_effects_36_studies","metafor","sensitivity_un","REML","study_sd","animal",0.168789016493897,NA,NA,NA,"success","converged;unavailable;unavailable;at_or_near_boundary",TRUE,TRUE,"Exploratory correlated study effects; rho is at its boundary for both outcomes."
"lnRR","full_318_effects_36_studies","metafor","sensitivity_un","REML","study_sd","plant",0.301792042449752,NA,NA,NA,"success","converged;unavailable;unavailable;at_or_near_boundary",TRUE,TRUE,"Exploratory correlated study effects; rho is at its boundary for both outcomes."
"lnRR","full_318_effects_36_studies","metafor","sensitivity_un","REML","residual_sd","animal",0.261054549279652,NA,NA,NA,"success","converged;unavailable;unavailable;at_or_near_boundary",TRUE,TRUE,"Exploratory correlated study effects; rho is at its boundary for both outcomes."
"lnRR","full_318_effects_36_studies","metafor","sensitivity_un","REML","residual_sd","plant",0.305613423893807,NA,NA,NA,"success","converged;unavailable;unavailable;at_or_near_boundary",TRUE,TRUE,"Exploratory correlated study effects; rho is at its boundary for both outcomes."
"lnRR","full_318_effects_36_studies","metafor","sensitivity_un","REML","ratio","study_plant_animal",1.78798389088702,NA,NA,NA,"success","converged;unavailable;unavailable;at_or_near_boundary",TRUE,TRUE,"Exploratory correlated study effects; rho is at its boundary for both outcomes."
"lnRR","full_318_effects_36_studies","metafor","sensitivity_un","REML","ratio","residual_plant_animal",1.17068798355405,NA,NA,NA,"success","converged;unavailable;unavailable;at_or_near_boundary",TRUE,TRUE,"Exploratory correlated study effects; rho is at its boundary for both outcomes."
"lnRR","full_318_effects_36_studies","metafor","sensitivity_un","REML","study_rho","animal_plant",0.999999999999427,NA,NA,NA,"success","converged;unavailable;unavailable;at_or_near_boundary",TRUE,TRUE,"Exploratory correlated study effects; rho is at its boundary for both outcomes."
"lnCVR","full_318_effects_36_studies","metafor","primary_diag","REML","location","animal",0.262386252125884,NA,NA,NA,"success","converged;unavailable;unavailable;clear",FALSE,FALSE,"Primary DIAG study-effects model."
"lnCVR","full_318_effects_36_studies","metafor","primary_diag","REML","location","plant",0.39362130896392,NA,NA,NA,"success","converged;unavailable;unavailable;clear",FALSE,FALSE,"Primary DIAG study-effects model."
"lnCVR","full_318_effects_36_studies","metafor","primary_diag","REML","study_sd","animal",0.233636899707401,NA,NA,NA,"success","converged;unavailable;unavailable;clear",FALSE,FALSE,"Primary DIAG study-effects model."
"lnCVR","full_318_effects_36_studies","metafor","primary_diag","REML","study_sd","plant",0.238343552882136,NA,NA,NA,"success","converged;unavailable;unavailable;clear",FALSE,FALSE,"Primary DIAG study-effects model."
"lnCVR","full_318_effects_36_studies","metafor","primary_diag","REML","residual_sd","animal",0.436083001856807,NA,NA,NA,"success","converged;unavailable;unavailable;clear",FALSE,FALSE,"Primary DIAG study-effects model."
"lnCVR","full_318_effects_36_studies","metafor","primary_diag","REML","residual_sd","plant",0.732727558959134,NA,NA,NA,"success","converged;unavailable;unavailable;clear",FALSE,FALSE,"Primary DIAG study-effects model."
"lnCVR","full_318_effects_36_studies","metafor","primary_diag","REML","ratio","study_plant_animal",1.02014516191847,NA,NA,NA,"success","converged;unavailable;unavailable;clear",FALSE,FALSE,"Primary DIAG study-effects model."
"lnCVR","full_318_effects_36_studies","metafor","primary_diag","REML","ratio","residual_plant_animal",1.68024792491163,NA,NA,NA,"success","converged;unavailable;unavailable;clear",FALSE,FALSE,"Primary DIAG study-effects model."
"lnCVR","full_318_effects_36_studies","glmmTMB","primary_glmmTMB","REML","location","animal",0.262386249971978,NA,NA,NA,"success","converged;available;positive_definite;clear",FALSE,FALSE,"Exact-likelihood replication of the primary DIAG model."
"lnCVR","full_318_effects_36_studies","glmmTMB","primary_glmmTMB","REML","location","plant",0.393621321384692,NA,NA,NA,"success","converged;available;positive_definite;clear",FALSE,FALSE,"Exact-likelihood replication of the primary DIAG model."
"lnCVR","full_318_effects_36_studies","glmmTMB","primary_glmmTMB","REML","study_sd","animal",0.233636872511675,NA,NA,NA,"success","converged;available;positive_definite;clear",FALSE,FALSE,"Exact-likelihood replication of the primary DIAG model."
"lnCVR","full_318_effects_36_studies","glmmTMB","primary_glmmTMB","REML","study_sd","plant",0.238343596616962,NA,NA,NA,"success","converged;available;positive_definite;clear",FALSE,FALSE,"Exact-likelihood replication of the primary DIAG model."
"lnCVR","full_318_effects_36_studies","glmmTMB","primary_glmmTMB","REML","residual_sd","animal",0.436082976642222,NA,NA,NA,"success","converged;available;positive_definite;clear",FALSE,FALSE,"Exact-likelihood replication of the primary DIAG model."
"lnCVR","full_318_effects_36_studies","glmmTMB","primary_glmmTMB","REML","residual_sd","plant",0.732727633087137,NA,NA,NA,"success","converged;available;positive_definite;clear",FALSE,FALSE,"Exact-likelihood replication of the primary DIAG model."
"lnCVR","full_318_effects_36_studies","glmmTMB","primary_glmmTMB","REML","ratio","study_plant_animal",1.02014546785655,NA,NA,NA,"success","converged;available;positive_definite;clear",FALSE,FALSE,"Exact-likelihood replication of the primary DIAG model."
"lnCVR","full_318_effects_36_studies","glmmTMB","primary_glmmTMB","REML","ratio","residual_plant_animal",1.6802481920506,NA,NA,NA,"success","converged;available;positive_definite;clear",FALSE,FALSE,"Exact-likelihood replication of the primary DIAG model."
"lnCVR","full_318_effects_36_studies","metafor","sensitivity_un","REML","location","animal",0.296053976362272,NA,NA,NA,"success","converged;unavailable;unavailable;at_or_near_boundary",TRUE,TRUE,"Exploratory correlated study effects; rho is at its boundary for both outcomes."
"lnCVR","full_318_effects_36_studies","metafor","sensitivity_un","REML","location","plant",0.390143733537709,NA,NA,NA,"success","converged;unavailable;unavailable;at_or_near_boundary",TRUE,TRUE,"Exploratory correlated study effects; rho is at its boundary for both outcomes."
"lnCVR","full_318_effects_36_studies","metafor","sensitivity_un","REML","study_sd","animal",0.225379399809965,NA,NA,NA,"success","converged;unavailable;unavailable;at_or_near_boundary",TRUE,TRUE,"Exploratory correlated study effects; rho is at its boundary for both outcomes."
"lnCVR","full_318_effects_36_studies","metafor","sensitivity_un","REML","study_sd","plant",0.251611728037805,NA,NA,NA,"success","converged;unavailable;unavailable;at_or_near_boundary",TRUE,TRUE,"Exploratory correlated study effects; rho is at its boundary for both outcomes."
"lnCVR","full_318_effects_36_studies","metafor","sensitivity_un","REML","residual_sd","animal",0.433695097658822,NA,NA,NA,"success","converged;unavailable;unavailable;at_or_near_boundary",TRUE,TRUE,"Exploratory correlated study effects; rho is at its boundary for both outcomes."
"lnCVR","full_318_effects_36_studies","metafor","sensitivity_un","REML","residual_sd","plant",0.72628379816955,NA,NA,NA,"success","converged;unavailable;unavailable;at_or_near_boundary",TRUE,TRUE,"Exploratory correlated study effects; rho is at its boundary for both outcomes."
"lnCVR","full_318_effects_36_studies","metafor","sensitivity_un","REML","ratio","study_plant_animal",1.11639186300948,NA,NA,NA,"success","converged;unavailable;unavailable;at_or_near_boundary",TRUE,TRUE,"Exploratory correlated study effects; rho is at its boundary for both outcomes."
"lnCVR","full_318_effects_36_studies","metafor","sensitivity_un","REML","ratio","residual_plant_animal",1.67464147529032,NA,NA,NA,"success","converged;unavailable;unavailable;at_or_near_boundary",TRUE,TRUE,"Exploratory correlated study effects; rho is at its boundary for both outcomes."
"lnCVR","full_318_effects_36_studies","metafor","sensitivity_un","REML","study_rho","animal_plant",0.999999998795774,NA,NA,NA,"success","converged;unavailable;unavailable;at_or_near_boundary",TRUE,TRUE,"Exploratory correlated study effects; rho is at its boundary for both outcomes."
"lnRR","full_318_effects_36_studies","brms","lnRR_baseline_primary","Bayesian","category_mean","animal",-0.264706,-0.374179375,-0.161807925,"95% posterior credible interval","success","rhat_ess_divergence_gates_passed",NA,FALSE,"Primary study-SD prior: exponential(2)."
"lnRR","full_318_effects_36_studies","brms","lnRR_baseline_primary","Bayesian","mean_response_ratio","animal",0.767431541685505,0.68785351706308,0.850604568880025,"95% posterior credible interval","success","rhat_ess_divergence_gates_passed",NA,FALSE,"Primary study-SD prior: exponential(2)."
"lnRR","full_318_effects_36_studies","brms","lnRR_baseline_primary","Bayesian","residual_sd","animal",0.259218226163456,0.222854597495125,0.301976600608002,"95% posterior credible interval","success","rhat_ess_divergence_gates_passed",NA,FALSE,"Primary study-SD prior: exponential(2)."
"lnRR","full_318_effects_36_studies","brms","lnRR_baseline_primary","Bayesian","study_sd","animal",0.252394,0.184846075,0.350965225,"95% posterior credible interval","success","rhat_ess_divergence_gates_passed",NA,FALSE,"Primary study-SD prior: exponential(2)."
"lnRR","full_318_effects_36_studies","brms","lnRR_baseline_primary","Bayesian","category_mean","plant",-0.4018765,-0.52830495,-0.27979345,"95% posterior credible interval","success","rhat_ess_divergence_gates_passed",NA,FALSE,"Primary study-SD prior: exponential(2)."
"lnRR","full_318_effects_36_studies","brms","lnRR_baseline_primary","Bayesian","mean_response_ratio","plant",0.669063369928514,0.589603531325047,0.755939864715056,"95% posterior credible interval","success","rhat_ess_divergence_gates_passed",NA,FALSE,"Primary study-SD prior: exponential(2)."
"lnRR","full_318_effects_36_studies","brms","lnRR_baseline_primary","Bayesian","residual_sd","plant",0.306698530806833,0.273656325306216,0.345789178719669,"95% posterior credible interval","success","rhat_ess_divergence_gates_passed",NA,FALSE,"Primary study-SD prior: exponential(2)."
"lnRR","full_318_effects_36_studies","brms","lnRR_baseline_primary","Bayesian","study_sd","plant",0.252394,0.184846075,0.350965225,"95% posterior credible interval","success","rhat_ess_divergence_gates_passed",NA,FALSE,"Primary study-SD prior: exponential(2)."
"lnRR","full_318_effects_36_studies","brms","lnRR_baseline_primary","Bayesian","ratio","residual_sd_plant_animal",1.18409053630533,0.977809415127492,1.42153034679463,"95% posterior credible interval","success","rhat_ess_divergence_gates_passed",NA,FALSE,"Primary study-SD prior: exponential(2)."
"lnRR","full_318_effects_36_studies","brms","lnRR_extended_primary","Bayesian","category_mean","animal",-0.213863,-0.3071242,-0.129470175,"95% posterior credible interval","success","rhat_ess_divergence_gates_passed",NA,FALSE,"Primary study-SD prior: exponential(2)."
"lnRR","full_318_effects_36_studies","brms","lnRR_extended_primary","Bayesian","mean_response_ratio","animal",0.80745899933843,0.735559238845747,0.878560791158153,"95% posterior credible interval","success","rhat_ess_divergence_gates_passed",NA,FALSE,"Primary study-SD prior: exponential(2)."
"lnRR","full_318_effects_36_studies","brms","lnRR_extended_primary","Bayesian","residual_sd","animal",0.268956667454104,0.228467114805546,0.318665764634417,"95% posterior credible interval","success","rhat_ess_divergence_gates_passed",NA,FALSE,"Primary study-SD prior: exponential(2)."
"lnRR","full_318_effects_36_studies","brms","lnRR_extended_primary","Bayesian","study_sd","animal",0.151604,0.063572475,0.259670075,"95% posterior credible interval","success","rhat_ess_divergence_gates_passed",NA,FALSE,"Primary study-SD prior: exponential(2)."
"lnRR","full_318_effects_36_studies","brms","lnRR_extended_primary","Bayesian","category_mean","plant",-0.457489,-0.655195625,-0.253314725,"95% posterior credible interval","success","rhat_ess_divergence_gates_passed",NA,FALSE,"Primary study-SD prior: exponential(2)."
"lnRR","full_318_effects_36_studies","brms","lnRR_extended_primary","Bayesian","mean_response_ratio","plant",0.632870791237066,0.519340464967282,0.776223547016929,"95% posterior credible interval","success","rhat_ess_divergence_gates_passed",NA,FALSE,"Primary study-SD prior: exponential(2)."
"lnRR","full_318_effects_36_studies","brms","lnRR_extended_primary","Bayesian","residual_sd","plant",0.307650771047437,0.27468878881657,0.345488300190697,"95% posterior credible interval","success","rhat_ess_divergence_gates_passed",NA,FALSE,"Primary study-SD prior: exponential(2)."
"lnRR","full_318_effects_36_studies","brms","lnRR_extended_primary","Bayesian","study_sd","plant",0.32695,0.216646975,0.521739075,"95% posterior credible interval","success","rhat_ess_divergence_gates_passed",NA,FALSE,"Primary study-SD prior: exponential(2)."
"lnRR","full_318_effects_36_studies","brms","lnRR_extended_primary","Bayesian","ratio","residual_sd_plant_animal",1.14374732842318,0.940347774367099,1.39694052235082,"95% posterior credible interval","success","rhat_ess_divergence_gates_passed",NA,FALSE,"Primary study-SD prior: exponential(2)."
"lnRR","full_318_effects_36_studies","brms","lnRR_extended_primary","Bayesian","ratio","study_sd_plant_animal",2.18489576223387,1.10560310899386,5.54556958424833,"95% posterior credible interval","success","rhat_ess_divergence_gates_passed",NA,FALSE,"Primary study-SD prior: exponential(2)."
"lnRR","full_318_effects_36_studies","brms","lnRR_extended_sd_prior_sensitivity","Bayesian","category_mean","animal",-0.2172705,-0.317632225,-0.1267242,"95% posterior credible interval","success","rhat_ess_divergence_gates_passed",NA,FALSE,"Study-SD prior sensitivity: exponential(1)."
"lnRR","full_318_effects_36_studies","brms","lnRR_extended_sd_prior_sensitivity","Bayesian","mean_response_ratio","animal",0.804712265397806,0.72787043698799,0.8809766134892,"95% posterior credible interval","success","rhat_ess_divergence_gates_passed",NA,FALSE,"Study-SD prior sensitivity: exponential(1)."
"lnRR","full_318_effects_36_studies","brms","lnRR_extended_sd_prior_sensitivity","Bayesian","residual_sd","animal",0.267753097806241,0.228443868807031,0.315926717317656,"95% posterior credible interval","success","rhat_ess_divergence_gates_passed",NA,FALSE,"Study-SD prior sensitivity: exponential(1)."
"lnRR","full_318_effects_36_studies","brms","lnRR_extended_sd_prior_sensitivity","Bayesian","study_sd","animal",0.155743,0.0613282625,0.26174395,"95% posterior credible interval","success","rhat_ess_divergence_gates_passed",NA,FALSE,"Study-SD prior sensitivity: exponential(1)."
"lnRR","full_318_effects_36_studies","brms","lnRR_extended_sd_prior_sensitivity","Bayesian","category_mean","plant",-0.463224,-0.646310775,-0.254056575,"95% posterior credible interval","success","rhat_ess_divergence_gates_passed",NA,FALSE,"Study-SD prior sensitivity: exponential(1)."
"lnRR","full_318_effects_36_studies","brms","lnRR_extended_sd_prior_sensitivity","Bayesian","mean_response_ratio","plant",0.629251664801824,0.523975281686437,0.775647922123578,"95% posterior credible interval","success","rhat_ess_divergence_gates_passed",NA,FALSE,"Study-SD prior sensitivity: exponential(1)."
"lnRR","full_318_effects_36_studies","brms","lnRR_extended_sd_prior_sensitivity","Bayesian","residual_sd","plant",0.30775231255531,0.275009056269276,0.345821338831262,"95% posterior credible interval","success","rhat_ess_divergence_gates_passed",NA,FALSE,"Study-SD prior sensitivity: exponential(1)."
"lnRR","full_318_effects_36_studies","brms","lnRR_extended_sd_prior_sensitivity","Bayesian","study_sd","plant",0.3327225,0.216616875,0.53285235,"95% posterior credible interval","success","rhat_ess_divergence_gates_passed",NA,FALSE,"Study-SD prior sensitivity: exponential(1)."
"lnRR","full_318_effects_36_studies","brms","lnRR_extended_sd_prior_sensitivity","Bayesian","ratio","residual_sd_plant_animal",1.14738449508991,0.944965604872018,1.39315087905593,"95% posterior credible interval","success","rhat_ess_divergence_gates_passed",NA,FALSE,"Study-SD prior sensitivity: exponential(1)."
"lnRR","full_318_effects_36_studies","brms","lnRR_extended_sd_prior_sensitivity","Bayesian","ratio","study_sd_plant_animal",2.15788231688712,1.07197615102431,5.62264577327266,"95% posterior credible interval","success","rhat_ess_divergence_gates_passed",NA,FALSE,"Study-SD prior sensitivity: exponential(1)."
"lnCVR","full_318_effects_36_studies","brms","lnCVR_baseline_primary","Bayesian","category_mean","animal",0.2931295,0.13624035,0.465493,"95% posterior credible interval","success","rhat_ess_divergence_gates_passed",NA,FALSE,"Primary study-SD prior: exponential(2)."
"lnCVR","full_318_effects_36_studies","brms","lnCVR_baseline_primary","Bayesian","coefficient_of_variation_ratio","animal",1.34061638913547,1.14595729181574,1.5927992456623,"95% posterior credible interval","success","rhat_ess_divergence_gates_passed",NA,FALSE,"Primary study-SD prior: exponential(2)."
"lnCVR","full_318_effects_36_studies","brms","lnCVR_baseline_primary","Bayesian","residual_sd","animal",0.431259190327411,0.333713747192414,0.545770020436617,"95% posterior credible interval","success","rhat_ess_divergence_gates_passed",NA,FALSE,"Primary study-SD prior: exponential(2)."
"lnCVR","full_318_effects_36_studies","brms","lnCVR_baseline_primary","Bayesian","study_sd","animal",0.2382185,0.107698625,0.4086917,"95% posterior credible interval","success","rhat_ess_divergence_gates_passed",NA,FALSE,"Primary study-SD prior: exponential(2)."
"lnCVR","full_318_effects_36_studies","brms","lnCVR_baseline_primary","Bayesian","category_mean","plant",0.3746335,0.1646516,0.5791904,"95% posterior credible interval","success","rhat_ess_divergence_gates_passed",NA,FALSE,"Primary study-SD prior: exponential(2)."
"lnCVR","full_318_effects_36_studies","brms","lnCVR_baseline_primary","Bayesian","coefficient_of_variation_ratio","plant",1.45445825837328,1.17898229016446,1.78459303988374,"95% posterior credible interval","success","rhat_ess_divergence_gates_passed",NA,FALSE,"Primary study-SD prior: exponential(2)."
"lnCVR","full_318_effects_36_studies","brms","lnCVR_baseline_primary","Bayesian","residual_sd","plant",0.717675689064374,0.553557125364376,0.900129916376555,"95% posterior credible interval","success","rhat_ess_divergence_gates_passed",NA,FALSE,"Primary study-SD prior: exponential(2)."
"lnCVR","full_318_effects_36_studies","brms","lnCVR_baseline_primary","Bayesian","study_sd","plant",0.2382185,0.107698625,0.4086917,"95% posterior credible interval","success","rhat_ess_divergence_gates_passed",NA,FALSE,"Primary study-SD prior: exponential(2)."
"lnCVR","full_318_effects_36_studies","brms","lnCVR_baseline_primary","Bayesian","ratio","residual_sd_plant_animal",1.66341796473995,1.17051708258895,2.35042803566054,"95% posterior credible interval","success","rhat_ess_divergence_gates_passed",NA,FALSE,"Primary study-SD prior: exponential(2)."
"lnCVR","full_318_effects_36_studies","brms","lnCVR_extended_primary","Bayesian","category_mean","animal",0.255198,0.096379945,0.425129125,"95% posterior credible interval","success","rhat_ess_divergence_gates_passed",NA,FALSE,"Primary study-SD prior: exponential(2)."
"lnCVR","full_318_effects_36_studies","brms","lnCVR_extended_primary","Bayesian","coefficient_of_variation_ratio","animal",1.29071715819131,1.10117737530313,1.5297879819127,"95% posterior credible interval","success","rhat_ess_divergence_gates_passed",NA,FALSE,"Primary study-SD prior: exponential(2)."
"lnCVR","full_318_effects_36_studies","brms","lnCVR_extended_primary","Bayesian","residual_sd","animal",0.436124959122583,0.336746367911236,0.557049267707817,"95% posterior credible interval","success","rhat_ess_divergence_gates_passed",NA,FALSE,"Primary study-SD prior: exponential(2)."
"lnCVR","full_318_effects_36_studies","brms","lnCVR_extended_primary","Bayesian","study_sd","animal",0.2241755,0.0322598425,0.448264175,"95% posterior credible interval","success","rhat_ess_divergence_gates_passed",NA,FALSE,"Primary study-SD prior: exponential(2)."
"lnCVR","full_318_effects_36_studies","brms","lnCVR_extended_primary","Bayesian","category_mean","plant",0.3845225,0.173341025,0.631659775,"95% posterior credible interval","success","rhat_ess_divergence_gates_passed",NA,FALSE,"Primary study-SD prior: exponential(2)."
"lnCVR","full_318_effects_36_studies","brms","lnCVR_extended_primary","Bayesian","coefficient_of_variation_ratio","plant",1.46891274904222,1.18927161848252,1.8807295850258,"95% posterior credible interval","success","rhat_ess_divergence_gates_passed",NA,FALSE,"Primary study-SD prior: exponential(2)."
"lnCVR","full_318_effects_36_studies","brms","lnCVR_extended_primary","Bayesian","residual_sd","plant",0.729344573577355,0.555690955427521,0.909577985565269,"95% posterior credible interval","success","rhat_ess_divergence_gates_passed",NA,FALSE,"Primary study-SD prior: exponential(2)."
"lnCVR","full_318_effects_36_studies","brms","lnCVR_extended_primary","Bayesian","study_sd","plant",0.2337245,0.0202344625,0.53823745,"95% posterior credible interval","success","rhat_ess_divergence_gates_passed",NA,FALSE,"Primary study-SD prior: exponential(2)."
"lnCVR","full_318_effects_36_studies","brms","lnCVR_extended_primary","Bayesian","ratio","residual_sd_plant_animal",1.67184198340668,1.17769262897491,2.3407365328849,"95% posterior credible interval","success","rhat_ess_divergence_gates_passed",NA,FALSE,"Primary study-SD prior: exponential(2)."
"lnCVR","full_318_effects_36_studies","brms","lnCVR_extended_primary","Bayesian","ratio","study_sd_plant_animal",1.05129579235815,0.0991992778030649,8.63061848467873,"95% posterior credible interval","success","rhat_ess_divergence_gates_passed",NA,FALSE,"Primary study-SD prior: exponential(2)."
"lnCVR","full_318_effects_36_studies","brms","lnCVR_extended_sd_prior_sensitivity","Bayesian","category_mean","animal",0.258217,0.084251725,0.43338275,"95% posterior credible interval","success","rhat_ess_divergence_gates_passed",NA,FALSE,"Study-SD prior sensitivity: exponential(1)."
"lnCVR","full_318_effects_36_studies","brms","lnCVR_extended_sd_prior_sensitivity","Bayesian","coefficient_of_variation_ratio","animal",1.29461972128749,1.08790271167424,1.54246649851434,"95% posterior credible interval","success","rhat_ess_divergence_gates_passed",NA,FALSE,"Study-SD prior sensitivity: exponential(1)."
"lnCVR","full_318_effects_36_studies","brms","lnCVR_extended_sd_prior_sensitivity","Bayesian","residual_sd","animal",0.435226367042939,0.33102810431216,0.561491132097612,"95% posterior credible interval","success","rhat_ess_divergence_gates_passed",NA,FALSE,"Study-SD prior sensitivity: exponential(1)."
"lnCVR","full_318_effects_36_studies","brms","lnCVR_extended_sd_prior_sensitivity","Bayesian","study_sd","animal",0.2378475,0.0409770275,0.4677794,"95% posterior credible interval","success","rhat_ess_divergence_gates_passed",NA,FALSE,"Study-SD prior sensitivity: exponential(1)."
"lnCVR","full_318_effects_36_studies","brms","lnCVR_extended_sd_prior_sensitivity","Bayesian","category_mean","plant",0.386451,0.16383035,0.6464496,"95% posterior credible interval","success","rhat_ess_divergence_gates_passed",NA,FALSE,"Study-SD prior sensitivity: exponential(1)."
"lnCVR","full_318_effects_36_studies","brms","lnCVR_extended_sd_prior_sensitivity","Bayesian","coefficient_of_variation_ratio","plant",1.47174828064123,1.17801444848504,1.90875195661024,"95% posterior credible interval","success","rhat_ess_divergence_gates_passed",NA,FALSE,"Study-SD prior sensitivity: exponential(1)."
"lnCVR","full_318_effects_36_studies","brms","lnCVR_extended_sd_prior_sensitivity","Bayesian","residual_sd","plant",0.725394597358042,0.553032077218116,0.910807081690512,"95% posterior credible interval","success","rhat_ess_divergence_gates_passed",NA,FALSE,"Study-SD prior sensitivity: exponential(1)."
"lnCVR","full_318_effects_36_studies","brms","lnCVR_extended_sd_prior_sensitivity","Bayesian","study_sd","plant",0.2513165,0.034533295,0.563112875,"95% posterior credible interval","success","rhat_ess_divergence_gates_passed",NA,FALSE,"Study-SD prior sensitivity: exponential(1)."
"lnCVR","full_318_effects_36_studies","brms","lnCVR_extended_sd_prior_sensitivity","Bayesian","ratio","residual_sd_plant_animal",1.65946125719125,1.1554144701664,2.35206645195158,"95% posterior credible interval","success","rhat_ess_divergence_gates_passed",NA,FALSE,"Study-SD prior sensitivity: exponential(1)."
"lnCVR","full_318_effects_36_studies","brms","lnCVR_extended_sd_prior_sensitivity","Bayesian","ratio","study_sd_plant_animal",1.05161434960519,0.128379864084531,6.66565105434748,"95% posterior credible interval","success","rhat_ess_divergence_gates_passed",NA,FALSE,"Study-SD prior sensitivity: exponential(1)."
"lnRR","matched_subset_232_effects_30_studies","metafor","metafor_DIAG_bridge","REML","location","animal",-0.196493679933068,NA,NA,NA,"success","not_assessed",NA,FALSE,"Matched-subset bridge or direct study-scale fit."
"lnRR","matched_subset_232_effects_30_studies","metafor","metafor_DIAG_bridge","REML","location","plant",-0.464520951897837,NA,NA,NA,"success","not_assessed",NA,FALSE,"Matched-subset bridge or direct study-scale fit."
"lnRR","matched_subset_232_effects_30_studies","metafor","metafor_DIAG_bridge","REML","residual_sd","animal",0.292798737422398,NA,NA,NA,"success","not_assessed",NA,FALSE,"Matched-subset bridge or direct study-scale fit."
"lnRR","matched_subset_232_effects_30_studies","metafor","metafor_DIAG_bridge","REML","residual_sd","plant",0.326568159157332,NA,NA,NA,"success","not_assessed",NA,FALSE,"Matched-subset bridge or direct study-scale fit."
"lnRR","matched_subset_232_effects_30_studies","metafor","metafor_DIAG_bridge","REML","study_sd","animal",0.12735437980083,NA,NA,NA,"success","not_assessed",NA,FALSE,"Matched-subset bridge or direct study-scale fit."
"lnRR","matched_subset_232_effects_30_studies","metafor","metafor_DIAG_bridge","REML","study_sd","plant",0.329067264980799,NA,NA,NA,"success","not_assessed",NA,FALSE,"Matched-subset bridge or direct study-scale fit."
"lnRR","matched_subset_232_effects_30_studies","metafor","metafor_DIAG_bridge","REML","ratio","residual_plant_animal",1.11533322183086,NA,NA,NA,"success","not_assessed",NA,FALSE,"Matched-subset bridge or direct study-scale fit."
"lnRR","matched_subset_232_effects_30_studies","metafor","metafor_DIAG_bridge","REML","ratio","study_plant_animal",2.5838708138301,NA,NA,NA,"success","not_assessed",NA,FALSE,"Matched-subset bridge or direct study-scale fit."
"lnCVR","matched_subset_232_effects_30_studies","metafor","metafor_DIAG_bridge","REML","location","animal",0.245181089295004,NA,NA,NA,"success","not_assessed",NA,FALSE,"Matched-subset bridge or direct study-scale fit."
"lnCVR","matched_subset_232_effects_30_studies","metafor","metafor_DIAG_bridge","REML","location","plant",0.448303657227532,NA,NA,NA,"success","not_assessed",NA,FALSE,"Matched-subset bridge or direct study-scale fit."
"lnCVR","matched_subset_232_effects_30_studies","metafor","metafor_DIAG_bridge","REML","residual_sd","animal",0.439455194970848,NA,NA,NA,"success","not_assessed",NA,FALSE,"Matched-subset bridge or direct study-scale fit."
"lnCVR","matched_subset_232_effects_30_studies","metafor","metafor_DIAG_bridge","REML","residual_sd","plant",0.939217472236925,NA,NA,NA,"success","not_assessed",NA,FALSE,"Matched-subset bridge or direct study-scale fit."
"lnCVR","matched_subset_232_effects_30_studies","metafor","metafor_DIAG_bridge","REML","study_sd","animal",0.212560883617773,NA,NA,NA,"success","not_assessed",NA,FALSE,"Matched-subset bridge or direct study-scale fit."
"lnCVR","matched_subset_232_effects_30_studies","metafor","metafor_DIAG_bridge","REML","study_sd","plant",3.67956168757564e-05,NA,NA,NA,"success","not_assessed",NA,FALSE,"Matched-subset bridge or direct study-scale fit."
"lnCVR","matched_subset_232_effects_30_studies","metafor","metafor_DIAG_bridge","REML","ratio","residual_plant_animal",2.13723146975025,NA,NA,NA,"success","not_assessed",NA,FALSE,"Matched-subset bridge or direct study-scale fit."
"lnCVR","matched_subset_232_effects_30_studies","metafor","metafor_DIAG_bridge","REML","ratio","study_plant_animal",0.000173106247252539,NA,NA,NA,"success","not_assessed",NA,FALSE,"Matched-subset bridge or direct study-scale fit."
"lnRR","matched_subset_232_effects_30_studies","drmTMB","drmTMB_common_study_scale","ML","location","animal",-0.201962989406155,NA,NA,NA,"success","ok",NA,FALSE,"Matched-subset bridge or direct study-scale fit."
"lnRR","matched_subset_232_effects_30_studies","drmTMB","drmTMB_common_study_scale","ML","location","plant",-0.498557825651389,NA,NA,NA,"success","ok",NA,FALSE,"Matched-subset bridge or direct study-scale fit."
"lnRR","matched_subset_232_effects_30_studies","drmTMB","drmTMB_common_study_scale","ML","residual_sd","animal",0.286712974336512,NA,NA,NA,"success","ok",NA,FALSE,"Matched-subset bridge or direct study-scale fit."
"lnRR","matched_subset_232_effects_30_studies","drmTMB","drmTMB_common_study_scale","ML","residual_sd","plant",0.328550651983848,NA,NA,NA,"success","ok",NA,FALSE,"Matched-subset bridge or direct study-scale fit."
"lnRR","matched_subset_232_effects_30_studies","drmTMB","drmTMB_common_study_scale","ML","study_sd","animal",0.213350963119168,NA,NA,NA,"success","ok",NA,FALSE,"Matched-subset bridge or direct study-scale fit."
"lnRR","matched_subset_232_effects_30_studies","drmTMB","drmTMB_common_study_scale","ML","study_sd","plant",0.213350963119168,NA,NA,NA,"success","ok",NA,FALSE,"Matched-subset bridge or direct study-scale fit."
"lnRR","matched_subset_232_effects_30_studies","drmTMB","drmTMB_common_study_scale","ML","ratio","residual_plant_animal",1.14592181516778,NA,NA,NA,"success","ok",NA,FALSE,"Matched-subset bridge or direct study-scale fit."
"lnRR","matched_subset_232_effects_30_studies","drmTMB","drmTMB_common_study_scale","ML","ratio","study_plant_animal",1,NA,NA,NA,"success","ok",NA,FALSE,"Matched-subset bridge or direct study-scale fit."
"lnRR","matched_subset_232_effects_30_studies","drmTMB","drmTMB_direct_study_scale","ML","location","animal",-0.19567492009303,NA,NA,NA,"success","ok",NA,FALSE,"Matched-subset bridge or direct study-scale fit."
"lnRR","matched_subset_232_effects_30_studies","drmTMB","drmTMB_direct_study_scale","ML","location","plant",-0.46898374729148,NA,NA,NA,"success","ok",NA,FALSE,"Matched-subset bridge or direct study-scale fit."
"lnRR","matched_subset_232_effects_30_studies","drmTMB","drmTMB_direct_study_scale","ML","residual_sd","animal",0.292941283715946,NA,NA,NA,"success","ok",NA,FALSE,"Matched-subset bridge or direct study-scale fit."
"lnRR","matched_subset_232_effects_30_studies","drmTMB","drmTMB_direct_study_scale","ML","residual_sd","plant",0.326419154187515,NA,NA,NA,"success","ok",NA,FALSE,"Matched-subset bridge or direct study-scale fit."
"lnRR","matched_subset_232_effects_30_studies","drmTMB","drmTMB_direct_study_scale","ML","study_sd","animal",0.118397999484222,NA,NA,NA,"success","ok",NA,FALSE,"Matched-subset bridge or direct study-scale fit."
"lnRR","matched_subset_232_effects_30_studies","drmTMB","drmTMB_direct_study_scale","ML","study_sd","plant",0.308455280851862,NA,NA,NA,"success","ok",NA,FALSE,"Matched-subset bridge or direct study-scale fit."
"lnRR","matched_subset_232_effects_30_studies","drmTMB","drmTMB_direct_study_scale","ML","ratio","residual_plant_animal",1.11428184531352,NA,NA,NA,"success","ok",NA,FALSE,"Matched-subset bridge or direct study-scale fit."
"lnRR","matched_subset_232_effects_30_studies","drmTMB","drmTMB_direct_study_scale","ML","ratio","study_plant_animal",2.6052406476088,NA,NA,NA,"success","ok",NA,FALSE,"Matched-subset bridge or direct study-scale fit."
"lnCVR","matched_subset_232_effects_30_studies","drmTMB","drmTMB_common_study_scale","ML","location","animal",0.259602944613997,NA,NA,NA,"success","ok",NA,FALSE,"Matched-subset bridge or direct study-scale fit."
"lnCVR","matched_subset_232_effects_30_studies","drmTMB","drmTMB_common_study_scale","ML","location","plant",0.452911677331648,NA,NA,NA,"success","ok",NA,FALSE,"Matched-subset bridge or direct study-scale fit."
"lnCVR","matched_subset_232_effects_30_studies","drmTMB","drmTMB_common_study_scale","ML","residual_sd","animal",0.449316231844982,NA,NA,NA,"success","ok",NA,FALSE,"Matched-subset bridge or direct study-scale fit."
"lnCVR","matched_subset_232_effects_30_studies","drmTMB","drmTMB_common_study_scale","ML","residual_sd","plant",0.931700673826389,NA,NA,NA,"success","ok",NA,FALSE,"Matched-subset bridge or direct study-scale fit."
"lnCVR","matched_subset_232_effects_30_studies","drmTMB","drmTMB_common_study_scale","ML","study_sd","animal",0.0836238979117682,NA,NA,NA,"success","ok",NA,FALSE,"Matched-subset bridge or direct study-scale fit."
"lnCVR","matched_subset_232_effects_30_studies","drmTMB","drmTMB_common_study_scale","ML","study_sd","plant",0.0836238979117682,NA,NA,NA,"success","ok",NA,FALSE,"Matched-subset bridge or direct study-scale fit."
"lnCVR","matched_subset_232_effects_30_studies","drmTMB","drmTMB_common_study_scale","ML","ratio","residual_plant_animal",2.07359674054205,NA,NA,NA,"success","ok",NA,FALSE,"Matched-subset bridge or direct study-scale fit."
"lnCVR","matched_subset_232_effects_30_studies","drmTMB","drmTMB_common_study_scale","ML","ratio","study_plant_animal",1,NA,NA,NA,"success","ok",NA,FALSE,"Matched-subset bridge or direct study-scale fit."
"lnCVR","matched_subset_232_effects_30_studies","drmTMB","drmTMB_direct_study_scale","ML","location","animal",0.248836465162019,NA,NA,NA,"success","warning_or_boundary",TRUE,FALSE,"Plant study SD is near zero; check_drm reports a boundary/weak-identification warning."
"lnCVR","matched_subset_232_effects_30_studies","drmTMB","drmTMB_direct_study_scale","ML","location","plant",0.448270288275832,NA,NA,NA,"success","warning_or_boundary",TRUE,FALSE,"Plant study SD is near zero; check_drm reports a boundary/weak-identification warning."
"lnCVR","matched_subset_232_effects_30_studies","drmTMB","drmTMB_direct_study_scale","ML","residual_sd","animal",0.438703522141071,NA,NA,NA,"success","warning_or_boundary",TRUE,FALSE,"Plant study SD is near zero; check_drm reports a boundary/weak-identification warning."
"lnCVR","matched_subset_232_effects_30_studies","drmTMB","drmTMB_direct_study_scale","ML","residual_sd","plant",0.930749129172821,NA,NA,NA,"success","warning_or_boundary",TRUE,FALSE,"Plant study SD is near zero; check_drm reports a boundary/weak-identification warning."
"lnCVR","matched_subset_232_effects_30_studies","drmTMB","drmTMB_direct_study_scale","ML","study_sd","animal",0.188491004472576,NA,NA,NA,"success","warning_or_boundary",TRUE,FALSE,"Plant study SD is near zero; check_drm reports a boundary/weak-identification warning."
"lnCVR","matched_subset_232_effects_30_studies","drmTMB","drmTMB_direct_study_scale","ML","study_sd","plant",3.56782304211006e-05,NA,NA,NA,"success","warning_or_boundary",TRUE,FALSE,"Plant study SD is near zero; check_drm reports a boundary/weak-identification warning."
"lnCVR","matched_subset_232_effects_30_studies","drmTMB","drmTMB_direct_study_scale","ML","ratio","residual_plant_animal",2.12159028181572,NA,NA,NA,"success","warning_or_boundary",TRUE,FALSE,"Plant study SD is near zero; check_drm reports a boundary/weak-identification warning."
"lnCVR","matched_subset_232_effects_30_studies","drmTMB","drmTMB_direct_study_scale","ML","ratio","study_plant_animal",0.000189283464857823,NA,NA,NA,"success","warning_or_boundary",TRUE,FALSE,"Plant study SD is near zero; check_drm reports a boundary/weak-identification warning."
"lnRR","matched_subset_232_effects_30_studies","blsmeta","blsmeta_direct_study_scale","Bayesian","residual_sd","animal",0.295677395553633,0.2471476998389,0.354835548645447,"95% posterior credible interval","success","failed_convergence",NA,FALSE,"Correctly ordered matched-subset fit; study-SD ratio retained as diagnostic sensitivity only because target-chain convergence failed."
"lnRR","matched_subset_232_effects_30_studies","blsmeta","blsmeta_direct_study_scale","Bayesian","residual_sd","plant",0.329222556960467,0.288917523873185,0.380011879152637,"95% posterior credible interval","success","failed_convergence",NA,FALSE,"Correctly ordered matched-subset fit; study-SD ratio retained as diagnostic sensitivity only because target-chain convergence failed."
"lnRR","matched_subset_232_effects_30_studies","blsmeta","blsmeta_direct_study_scale","Bayesian","study_sd","animal",0.153049850473515,0.0689661737717323,0.286117414576812,"95% posterior credible interval","success","failed_convergence",NA,FALSE,"Correctly ordered matched-subset fit; study-SD ratio retained as diagnostic sensitivity only because target-chain convergence failed."
"lnRR","matched_subset_232_effects_30_studies","blsmeta","blsmeta_direct_study_scale","Bayesian","study_sd","plant",0.376848994028738,0.209823453067382,0.663802361508748,"95% posterior credible interval","success","failed_convergence",NA,FALSE,"Correctly ordered matched-subset fit; study-SD ratio retained as diagnostic sensitivity only because target-chain convergence failed."
"lnRR","matched_subset_232_effects_30_studies","blsmeta","blsmeta_direct_study_scale","Bayesian","ratio","residual_plant_animal",1.11347113985699,0.890644788599684,1.40155085231389,"95% posterior credible interval","success","failed_convergence",NA,FALSE,"Correctly ordered matched-subset fit; study-SD ratio retained as diagnostic sensitivity only because target-chain convergence failed."
"lnRR","matched_subset_232_effects_30_studies","blsmeta","blsmeta_direct_study_scale","Bayesian","ratio","study_plant_animal",2.50497961040809,1.00477990901929,6.59510201964118,"95% posterior credible interval","success","failed_convergence",NA,FALSE,"Correctly ordered matched-subset fit; study-SD ratio retained as diagnostic sensitivity only because target-chain convergence failed."
"lnCVR","matched_subset_232_effects_30_studies","blsmeta","blsmeta_direct_study_scale","Bayesian","residual_sd","animal",0.443873696499004,0.333521066180569,0.582355645162872,"95% posterior credible interval","success","failed_convergence",NA,FALSE,"Correctly ordered matched-subset fit; study-SD ratio retained as diagnostic sensitivity only because target-chain convergence failed."
"lnCVR","matched_subset_232_effects_30_studies","blsmeta","blsmeta_direct_study_scale","Bayesian","residual_sd","plant",0.937676881521693,0.733475000631576,1.16810562557221,"95% posterior credible interval","success","failed_convergence",NA,FALSE,"Correctly ordered matched-subset fit; study-SD ratio retained as diagnostic sensitivity only because target-chain convergence failed."
"lnCVR","matched_subset_232_effects_30_studies","blsmeta","blsmeta_direct_study_scale","Bayesian","study_sd","animal",0.254733913941804,0.0824206368899678,0.494191674716245,"95% posterior credible interval","success","failed_convergence",NA,FALSE,"Correctly ordered matched-subset fit; study-SD ratio retained as diagnostic sensitivity only because target-chain convergence failed."
"lnCVR","matched_subset_232_effects_30_studies","blsmeta","blsmeta_direct_study_scale","Bayesian","study_sd","plant",0.2119369769329,0.0589724738371662,0.581980056804092,"95% posterior credible interval","success","failed_convergence",NA,FALSE,"Correctly ordered matched-subset fit; study-SD ratio retained as diagnostic sensitivity only because target-chain convergence failed."
"lnCVR","matched_subset_232_effects_30_studies","blsmeta","blsmeta_direct_study_scale","Bayesian","ratio","residual_plant_animal",2.11090635552233,1.4689881198483,3.0328902637923,"95% posterior credible interval","success","failed_convergence",NA,FALSE,"Correctly ordered matched-subset fit; study-SD ratio retained as diagnostic sensitivity only because target-chain convergence failed."
"lnCVR","matched_subset_232_effects_30_studies","blsmeta","blsmeta_direct_study_scale","Bayesian","ratio","study_plant_animal",0.854092881471793,0.200467342918127,3.8415316813776,"95% posterior credible interval","success","failed_convergence",NA,FALSE,"Correctly ordered matched-subset fit; study-SD ratio retained as diagnostic sensitivity only because target-chain convergence failed."
