"response","model","component","term","mean","median","q2.5","q97.5","fertilizer","vi_scenario","vi","k","interval_width","data_scope","interval"
"lnRR","lnRR_baseline_primary","new_study_prediction","latent_new_study_mean",-0.264844195039659,-0.261731251973398,-0.795963387240012,0.24988651975856,"animal","median",0.012057566,NA,1.04584990699857,"full_318_effects_36_studies","95% posterior predictive interval"
"lnRR","lnRR_baseline_primary","new_study_prediction","latent_new_effect",-0.264557586584561,-0.25947987094596,-0.992603669266247,0.430350084599709,"animal","median",0.012057566,NA,1.42295375386596,"full_318_effects_36_studies","95% posterior predictive interval"
"lnRR","lnRR_baseline_primary","new_study_prediction","observed_new_effect",-0.274754856469429,-0.273833717621761,-1.04242966945963,0.487431647624145,"animal","median",0.012057566,1,1.52986131708377,"full_318_effects_36_studies","95% posterior predictive interval"
"lnRR","lnRR_baseline_primary","new_study_prediction","mean_of_1_new_effects",-0.274754856469429,-0.273833717621761,-1.04242966945963,0.487431647624145,"animal","median",0.012057566,1,1.52986131708377,"full_318_effects_36_studies","95% posterior predictive interval"
"lnRR","lnRR_baseline_primary","new_study_prediction","mean_of_5_new_effects",-0.261170877890103,-0.261662520485847,-0.842994967516294,0.32067013960552,"animal","median",0.012057566,5,1.16366510712181,"full_318_effects_36_studies","95% posterior predictive interval"
"lnRR","lnRR_baseline_primary","new_study_prediction","mean_of_10_new_effects",-0.271737754328579,-0.272446981593346,-0.80838281106826,0.284057238881499,"animal","median",0.012057566,10,1.09244004994976,"full_318_effects_36_studies","95% posterior predictive interval"
"lnRR","lnRR_baseline_primary","new_study_prediction","latent_new_study_mean",-0.264844195039659,-0.261731251973398,-0.795963387240012,0.24988651975856,"animal","iqr_low",0.005576134,NA,1.04584990699857,"full_318_effects_36_studies","95% posterior predictive interval"
"lnRR","lnRR_baseline_primary","new_study_prediction","latent_new_effect",-0.264557586584561,-0.25947987094596,-0.992603669266247,0.430350084599709,"animal","iqr_low",0.005576134,NA,1.42295375386596,"full_318_effects_36_studies","95% posterior predictive interval"
"lnRR","lnRR_baseline_primary","new_study_prediction","observed_new_effect",-0.262145515308993,-0.258216424524413,-1.01971401901816,0.4711660448801,"animal","iqr_low",0.005576134,1,1.49088006389826,"full_318_effects_36_studies","95% posterior predictive interval"
"lnRR","lnRR_baseline_primary","new_study_prediction","mean_of_1_new_effects",-0.262145515308993,-0.258216424524413,-1.01971401901816,0.4711660448801,"animal","iqr_low",0.005576134,1,1.49088006389826,"full_318_effects_36_studies","95% posterior predictive interval"
"lnRR","lnRR_baseline_primary","new_study_prediction","mean_of_5_new_effects",-0.269113688762778,-0.269787339827347,-0.836280829772023,0.300276517505965,"animal","iqr_low",0.005576134,5,1.13655734727799,"full_318_effects_36_studies","95% posterior predictive interval"
"lnRR","lnRR_baseline_primary","new_study_prediction","mean_of_10_new_effects",-0.261656471465778,-0.258512786411155,-0.810638836393618,0.282022376658928,"animal","iqr_low",0.005576134,10,1.09266121305255,"full_318_effects_36_studies","95% posterior predictive interval"
"lnRR","lnRR_baseline_primary","new_study_prediction","latent_new_study_mean",-0.264844195039659,-0.261731251973398,-0.795963387240012,0.24988651975856,"animal","iqr_high",0.04549783625,NA,1.04584990699857,"full_318_effects_36_studies","95% posterior predictive interval"
"lnRR","lnRR_baseline_primary","new_study_prediction","latent_new_effect",-0.264557586584561,-0.25947987094596,-0.992603669266247,0.430350084599709,"animal","iqr_high",0.04549783625,NA,1.42295375386596,"full_318_effects_36_studies","95% posterior predictive interval"
"lnRR","lnRR_baseline_primary","new_study_prediction","observed_new_effect",-0.272255654844693,-0.275126647156672,-1.0983529682276,0.548500830407433,"animal","iqr_high",0.04549783625,1,1.64685379863503,"full_318_effects_36_studies","95% posterior predictive interval"
"lnRR","lnRR_baseline_primary","new_study_prediction","mean_of_1_new_effects",-0.272255654844693,-0.275126647156672,-1.0983529682276,0.548500830407433,"animal","iqr_high",0.04549783625,1,1.64685379863503,"full_318_effects_36_studies","95% posterior predictive interval"
"lnRR","lnRR_baseline_primary","new_study_prediction","mean_of_5_new_effects",-0.269060409162844,-0.271284245594273,-0.868969083526709,0.353266095380958,"animal","iqr_high",0.04549783625,5,1.22223517890767,"full_318_effects_36_studies","95% posterior predictive interval"
"lnRR","lnRR_baseline_primary","new_study_prediction","mean_of_10_new_effects",-0.267143520898638,-0.266303944565844,-0.837855633930622,0.283373449513429,"animal","iqr_high",0.04549783625,10,1.12122908344405,"full_318_effects_36_studies","95% posterior predictive interval"
"lnRR","lnRR_baseline_primary","new_study_prediction","latent_new_study_mean",-0.404583590162022,-0.40047156170402,-0.958963816542231,0.115223220942231,"plant","median",0.006513485,NA,1.07418703748446,"full_318_effects_36_studies","95% posterior predictive interval"
"lnRR","lnRR_baseline_primary","new_study_prediction","latent_new_effect",-0.400577553692018,-0.412126408443416,-1.19519060346991,0.385772744813638,"plant","median",0.006513485,NA,1.58096334828355,"full_318_effects_36_studies","95% posterior predictive interval"
"lnRR","lnRR_baseline_primary","new_study_prediction","observed_new_effect",-0.415228116759609,-0.412860717739404,-1.21819855711523,0.399214522980082,"plant","median",0.006513485,1,1.61741308009531,"full_318_effects_36_studies","95% posterior predictive interval"
"lnRR","lnRR_baseline_primary","new_study_prediction","mean_of_1_new_effects",-0.415228116759609,-0.412860717739404,-1.21819855711523,0.399214522980082,"plant","median",0.006513485,1,1.61741308009531,"full_318_effects_36_studies","95% posterior predictive interval"
"lnRR","lnRR_baseline_primary","new_study_prediction","mean_of_5_new_effects",-0.399695592042363,-0.404519697877775,-0.99917011509494,0.185913767797673,"plant","median",0.006513485,5,1.18508388289261,"full_318_effects_36_studies","95% posterior predictive interval"
"lnRR","lnRR_baseline_primary","new_study_prediction","mean_of_10_new_effects",-0.40567149210026,-0.411195893346676,-0.952724770261322,0.161616413875936,"plant","median",0.006513485,10,1.11434118413726,"full_318_effects_36_studies","95% posterior predictive interval"
"lnRR","lnRR_baseline_primary","new_study_prediction","latent_new_study_mean",-0.404583590162022,-0.40047156170402,-0.958963816542231,0.115223220942231,"plant","iqr_low",0.00273020875,NA,1.07418703748446,"full_318_effects_36_studies","95% posterior predictive interval"
"lnRR","lnRR_baseline_primary","new_study_prediction","latent_new_effect",-0.400577553692018,-0.412126408443416,-1.19519060346991,0.385772744813638,"plant","iqr_low",0.00273020875,NA,1.58096334828355,"full_318_effects_36_studies","95% posterior predictive interval"
"lnRR","lnRR_baseline_primary","new_study_prediction","observed_new_effect",-0.407988924558855,-0.405962469099845,-1.21028114447595,0.417989468988932,"plant","iqr_low",0.00273020875,1,1.62827061346488,"full_318_effects_36_studies","95% posterior predictive interval"
"lnRR","lnRR_baseline_primary","new_study_prediction","mean_of_1_new_effects",-0.407988924558855,-0.405962469099845,-1.21028114447595,0.417989468988932,"plant","iqr_low",0.00273020875,1,1.62827061346488,"full_318_effects_36_studies","95% posterior predictive interval"
"lnRR","lnRR_baseline_primary","new_study_prediction","mean_of_5_new_effects",-0.400048264761035,-0.399643649062651,-0.97291747020885,0.184112124421856,"plant","iqr_low",0.00273020875,5,1.15702959463071,"full_318_effects_36_studies","95% posterior predictive interval"
"lnRR","lnRR_baseline_primary","new_study_prediction","mean_of_10_new_effects",-0.396820086914376,-0.401358100656274,-0.951819410387458,0.181257478448325,"plant","iqr_low",0.00273020875,10,1.13307688883578,"full_318_effects_36_studies","95% posterior predictive interval"
"lnRR","lnRR_baseline_primary","new_study_prediction","latent_new_study_mean",-0.404583590162022,-0.40047156170402,-0.958963816542231,0.115223220942231,"plant","iqr_high",0.01414584375,NA,1.07418703748446,"full_318_effects_36_studies","95% posterior predictive interval"
"lnRR","lnRR_baseline_primary","new_study_prediction","latent_new_effect",-0.400577553692018,-0.412126408443416,-1.19519060346991,0.385772744813638,"plant","iqr_high",0.01414584375,NA,1.58096334828355,"full_318_effects_36_studies","95% posterior predictive interval"
"lnRR","lnRR_baseline_primary","new_study_prediction","observed_new_effect",-0.408800414619432,-0.411057386442471,-1.2701359897781,0.426186335322759,"plant","iqr_high",0.01414584375,1,1.69632232510086,"full_318_effects_36_studies","95% posterior predictive interval"
"lnRR","lnRR_baseline_primary","new_study_prediction","mean_of_1_new_effects",-0.408800414619432,-0.411057386442471,-1.2701359897781,0.426186335322759,"plant","iqr_high",0.01414584375,1,1.69632232510086,"full_318_effects_36_studies","95% posterior predictive interval"
"lnRR","lnRR_baseline_primary","new_study_prediction","mean_of_5_new_effects",-0.404153878729594,-0.399941355039057,-1.02811505379788,0.181040777834037,"plant","iqr_high",0.01414584375,5,1.20915583163192,"full_318_effects_36_studies","95% posterior predictive interval"
"lnRR","lnRR_baseline_primary","new_study_prediction","mean_of_10_new_effects",-0.397838561643983,-0.398780478006759,-0.949564591564849,0.152742817619401,"plant","iqr_high",0.01414584375,10,1.10230740918425,"full_318_effects_36_studies","95% posterior predictive interval"
"lnRR","lnRR_extended_primary","new_study_prediction","latent_new_study_mean",-0.214144511886987,-0.211418354750391,-0.560270405455743,0.102504708067917,"animal","median",0.012057566,NA,0.66277511352366,"full_318_effects_36_studies","95% posterior predictive interval"
"lnRR","lnRR_extended_primary","new_study_prediction","latent_new_effect",-0.214972982694455,-0.204674073237545,-0.830348299330168,0.388224337419758,"animal","median",0.012057566,NA,1.21857263674993,"full_318_effects_36_studies","95% posterior predictive interval"
"lnRR","lnRR_extended_primary","new_study_prediction","observed_new_effect",-0.223662005309607,-0.223841171289028,-0.865876563131263,0.435472082432913,"animal","median",0.012057566,1,1.30134864556418,"full_318_effects_36_studies","95% posterior predictive interval"
"lnRR","lnRR_extended_primary","new_study_prediction","mean_of_1_new_effects",-0.223662005309607,-0.223841171289028,-0.865876563131263,0.435472082432913,"animal","median",0.012057566,1,1.30134864556418,"full_318_effects_36_studies","95% posterior predictive interval"
"lnRR","lnRR_extended_primary","new_study_prediction","mean_of_5_new_effects",-0.210710365258851,-0.211389229857771,-0.631106622929999,0.210346254384012,"animal","median",0.012057566,5,0.841452877314011,"full_318_effects_36_studies","95% posterior predictive interval"
"lnRR","lnRR_extended_primary","new_study_prediction","mean_of_10_new_effects",-0.220841558834921,-0.219178278200453,-0.605074710385451,0.154301797163441,"animal","median",0.012057566,10,0.759376507548892,"full_318_effects_36_studies","95% posterior predictive interval"
"lnRR","lnRR_extended_primary","new_study_prediction","latent_new_study_mean",-0.214144511886987,-0.211418354750391,-0.560270405455743,0.102504708067917,"animal","iqr_low",0.005576134,NA,0.66277511352366,"full_318_effects_36_studies","95% posterior predictive interval"
"lnRR","lnRR_extended_primary","new_study_prediction","latent_new_effect",-0.214972982694455,-0.204674073237545,-0.830348299330168,0.388224337419758,"animal","iqr_low",0.005576134,NA,1.21857263674993,"full_318_effects_36_studies","95% posterior predictive interval"
"lnRR","lnRR_extended_primary","new_study_prediction","observed_new_effect",-0.211875791397775,-0.208462490007322,-0.842341077474779,0.426420188872381,"animal","iqr_low",0.005576134,1,1.26876126634716,"full_318_effects_36_studies","95% posterior predictive interval"
"lnRR","lnRR_extended_primary","new_study_prediction","mean_of_1_new_effects",-0.211875791397775,-0.208462490007322,-0.842341077474779,0.426420188872381,"animal","iqr_low",0.005576134,1,1.26876126634716,"full_318_effects_36_studies","95% posterior predictive interval"
"lnRR","lnRR_extended_primary","new_study_prediction","mean_of_5_new_effects",-0.217976623139525,-0.214684788246504,-0.630523750589498,0.179301919218341,"animal","iqr_low",0.005576134,5,0.809825669807839,"full_318_effects_36_studies","95% posterior predictive interval"
"lnRR","lnRR_extended_primary","new_study_prediction","mean_of_10_new_effects",-0.213398146332763,-0.210173611743141,-0.596089407670631,0.152167031702367,"animal","iqr_low",0.005576134,10,0.748256439372998,"full_318_effects_36_studies","95% posterior predictive interval"
"lnRR","lnRR_extended_primary","new_study_prediction","latent_new_study_mean",-0.214144511886987,-0.211418354750391,-0.560270405455743,0.102504708067917,"animal","iqr_high",0.04549783625,NA,0.66277511352366,"full_318_effects_36_studies","95% posterior predictive interval"
"lnRR","lnRR_extended_primary","new_study_prediction","latent_new_effect",-0.214972982694455,-0.204674073237545,-0.830348299330168,0.388224337419758,"animal","iqr_high",0.04549783625,NA,1.21857263674993,"full_318_effects_36_studies","95% posterior predictive interval"
"lnRR","lnRR_extended_primary","new_study_prediction","observed_new_effect",-0.220695774648032,-0.216180654456715,-0.972017546656908,0.519656998803691,"animal","iqr_high",0.04549783625,1,1.4916745454606,"full_318_effects_36_studies","95% posterior predictive interval"
"lnRR","lnRR_extended_primary","new_study_prediction","mean_of_1_new_effects",-0.220695774648032,-0.216180654456715,-0.972017546656908,0.519656998803691,"animal","iqr_high",0.04549783625,1,1.4916745454606,"full_318_effects_36_studies","95% posterior predictive interval"
"lnRR","lnRR_extended_primary","new_study_prediction","mean_of_5_new_effects",-0.218119569697207,-0.219382355405434,-0.665774336996824,0.245605896046022,"animal","iqr_high",0.04549783625,5,0.911380233042846,"full_318_effects_36_studies","95% posterior predictive interval"
"lnRR","lnRR_extended_primary","new_study_prediction","mean_of_10_new_effects",-0.216899583156927,-0.215544507540298,-0.619073693040823,0.168444923905107,"animal","iqr_high",0.04549783625,10,0.78751861694593,"full_318_effects_36_studies","95% posterior predictive interval"
"lnRR","lnRR_extended_primary","new_study_prediction","latent_new_study_mean",-0.45983935221786,-0.45739896707485,-1.19062321997449,0.275007521496739,"plant","median",0.006513485,NA,1.46563074147123,"full_318_effects_36_studies","95% posterior predictive interval"
"lnRR","lnRR_extended_primary","new_study_prediction","latent_new_effect",-0.452994502885432,-0.466316752148981,-1.35323482065731,0.480079948912087,"plant","median",0.006513485,NA,1.8333147695694,"full_318_effects_36_studies","95% posterior predictive interval"
"lnRR","lnRR_extended_primary","new_study_prediction","observed_new_effect",-0.47001425972851,-0.469845344121667,-1.40565524422974,0.501197840339938,"plant","median",0.006513485,1,1.90685308456968,"full_318_effects_36_studies","95% posterior predictive interval"
"lnRR","lnRR_extended_primary","new_study_prediction","mean_of_1_new_effects",-0.47001425972851,-0.469845344121667,-1.40565524422974,0.501197840339938,"plant","median",0.006513485,1,1.90685308456968,"full_318_effects_36_studies","95% posterior predictive interval"
"lnRR","lnRR_extended_primary","new_study_prediction","mean_of_5_new_effects",-0.454446376350077,-0.454831374792206,-1.22875185744207,0.320169225028375,"plant","median",0.006513485,5,1.54892108247044,"full_318_effects_36_studies","95% posterior predictive interval"
"lnRR","lnRR_extended_primary","new_study_prediction","mean_of_10_new_effects",-0.462389127658979,-0.464578581016796,-1.21847687473931,0.297619182659977,"plant","median",0.006513485,10,1.51609605739929,"full_318_effects_36_studies","95% posterior predictive interval"
"lnRR","lnRR_extended_primary","new_study_prediction","latent_new_study_mean",-0.45983935221786,-0.45739896707485,-1.19062321997449,0.275007521496739,"plant","iqr_low",0.00273020875,NA,1.46563074147123,"full_318_effects_36_studies","95% posterior predictive interval"
"lnRR","lnRR_extended_primary","new_study_prediction","latent_new_effect",-0.452994502885432,-0.466316752148981,-1.35323482065731,0.480079948912087,"plant","iqr_low",0.00273020875,NA,1.8333147695694,"full_318_effects_36_studies","95% posterior predictive interval"
"lnRR","lnRR_extended_primary","new_study_prediction","observed_new_effect",-0.464373214231854,-0.461588407299752,-1.38003123388395,0.513440749185735,"plant","iqr_low",0.00273020875,1,1.89347198306969,"full_318_effects_36_studies","95% posterior predictive interval"
"lnRR","lnRR_extended_primary","new_study_prediction","mean_of_1_new_effects",-0.464373214231854,-0.461588407299752,-1.38003123388395,0.513440749185735,"plant","iqr_low",0.00273020875,1,1.89347198306969,"full_318_effects_36_studies","95% posterior predictive interval"
"lnRR","lnRR_extended_primary","new_study_prediction","mean_of_5_new_effects",-0.454575358361,-0.459835760967368,-1.20672208568558,0.290443035135707,"plant","iqr_low",0.00273020875,5,1.49716512082129,"full_318_effects_36_studies","95% posterior predictive interval"
"lnRR","lnRR_extended_primary","new_study_prediction","mean_of_10_new_effects",-0.451410076874464,-0.453503514140925,-1.18357415991436,0.309870233588527,"plant","iqr_low",0.00273020875,10,1.49344439350289,"full_318_effects_36_studies","95% posterior predictive interval"
"lnRR","lnRR_extended_primary","new_study_prediction","latent_new_study_mean",-0.45983935221786,-0.45739896707485,-1.19062321997449,0.275007521496739,"plant","iqr_high",0.01414584375,NA,1.46563074147123,"full_318_effects_36_studies","95% posterior predictive interval"
"lnRR","lnRR_extended_primary","new_study_prediction","latent_new_effect",-0.452994502885432,-0.466316752148981,-1.35323482065731,0.480079948912087,"plant","iqr_high",0.01414584375,NA,1.8333147695694,"full_318_effects_36_studies","95% posterior predictive interval"
"lnRR","lnRR_extended_primary","new_study_prediction","observed_new_effect",-0.464224074173281,-0.461854767546242,-1.44509097520906,0.516569884929637,"plant","iqr_high",0.01414584375,1,1.9616608601387,"full_318_effects_36_studies","95% posterior predictive interval"
"lnRR","lnRR_extended_primary","new_study_prediction","mean_of_1_new_effects",-0.464224074173281,-0.461854767546242,-1.44509097520906,0.516569884929637,"plant","iqr_high",0.01414584375,1,1.9616608601387,"full_318_effects_36_studies","95% posterior predictive interval"
"lnRR","lnRR_extended_primary","new_study_prediction","mean_of_5_new_effects",-0.457646610146181,-0.448081754793999,-1.25915367537324,0.314324465320874,"plant","iqr_high",0.01414584375,5,1.57347814069411,"full_318_effects_36_studies","95% posterior predictive interval"
"lnRR","lnRR_extended_primary","new_study_prediction","mean_of_10_new_effects",-0.451327686966789,-0.452564309592521,-1.19383580700967,0.299230806023081,"plant","iqr_high",0.01414584375,10,1.49306661303275,"full_318_effects_36_studies","95% posterior predictive interval"
"lnRR","lnRR_extended_sd_prior_sensitivity","new_study_prediction","latent_new_study_mean",-0.21775266023387,-0.212185519951399,-0.553619772715856,0.106316630758135,"animal","median",0.012057566,NA,0.659936403473991,"full_318_effects_36_studies","95% posterior predictive interval"
"lnRR","lnRR_extended_sd_prior_sensitivity","new_study_prediction","latent_new_effect",-0.217930021390421,-0.208066398002167,-0.842716724492348,0.384509856738433,"animal","median",0.012057566,NA,1.22722658123078,"full_318_effects_36_studies","95% posterior predictive interval"
"lnRR","lnRR_extended_sd_prior_sensitivity","new_study_prediction","observed_new_effect",-0.226317750788358,-0.226341060712361,-0.897917019762682,0.425921377436964,"animal","median",0.012057566,1,1.32383839719965,"full_318_effects_36_studies","95% posterior predictive interval"
"lnRR","lnRR_extended_sd_prior_sensitivity","new_study_prediction","mean_of_1_new_effects",-0.226317750788358,-0.226341060712361,-0.897917019762682,0.425921377436964,"animal","median",0.012057566,1,1.32383839719965,"full_318_effects_36_studies","95% posterior predictive interval"
"lnRR","lnRR_extended_sd_prior_sensitivity","new_study_prediction","mean_of_5_new_effects",-0.216029291948886,-0.212993315851972,-0.659387905980773,0.208461872287033,"animal","median",0.012057566,5,0.867849778267806,"full_318_effects_36_studies","95% posterior predictive interval"
"lnRR","lnRR_extended_sd_prior_sensitivity","new_study_prediction","mean_of_10_new_effects",-0.222415977982677,-0.221370770313908,-0.617412304160916,0.172421981675168,"animal","median",0.012057566,10,0.789834285836084,"full_318_effects_36_studies","95% posterior predictive interval"
"lnRR","lnRR_extended_sd_prior_sensitivity","new_study_prediction","latent_new_study_mean",-0.21775266023387,-0.212185519951399,-0.553619772715856,0.106316630758135,"animal","iqr_low",0.005576134,NA,0.659936403473991,"full_318_effects_36_studies","95% posterior predictive interval"
"lnRR","lnRR_extended_sd_prior_sensitivity","new_study_prediction","latent_new_effect",-0.217930021390421,-0.208066398002167,-0.842716724492348,0.384509856738433,"animal","iqr_low",0.005576134,NA,1.22722658123078,"full_318_effects_36_studies","95% posterior predictive interval"
"lnRR","lnRR_extended_sd_prior_sensitivity","new_study_prediction","observed_new_effect",-0.215114104254118,-0.214663842648716,-0.866296768565092,0.429613464625213,"animal","iqr_low",0.005576134,1,1.2959102331903,"full_318_effects_36_studies","95% posterior predictive interval"
"lnRR","lnRR_extended_sd_prior_sensitivity","new_study_prediction","mean_of_1_new_effects",-0.215114104254118,-0.214663842648716,-0.866296768565092,0.429613464625213,"animal","iqr_low",0.005576134,1,1.2959102331903,"full_318_effects_36_studies","95% posterior predictive interval"
"lnRR","lnRR_extended_sd_prior_sensitivity","new_study_prediction","mean_of_5_new_effects",-0.222094135188943,-0.221956970058663,-0.641162417652247,0.179066339747819,"animal","iqr_low",0.005576134,5,0.820228757400066,"full_318_effects_36_studies","95% posterior predictive interval"
"lnRR","lnRR_extended_sd_prior_sensitivity","new_study_prediction","mean_of_10_new_effects",-0.216509942772662,-0.209863697301077,-0.609797950134843,0.167598698895887,"animal","iqr_low",0.005576134,10,0.77739664903073,"full_318_effects_36_studies","95% posterior predictive interval"
"lnRR","lnRR_extended_sd_prior_sensitivity","new_study_prediction","latent_new_study_mean",-0.21775266023387,-0.212185519951399,-0.553619772715856,0.106316630758135,"animal","iqr_high",0.04549783625,NA,0.659936403473991,"full_318_effects_36_studies","95% posterior predictive interval"
"lnRR","lnRR_extended_sd_prior_sensitivity","new_study_prediction","latent_new_effect",-0.217930021390421,-0.208066398002167,-0.842716724492348,0.384509856738433,"animal","iqr_high",0.04549783625,NA,1.22722658123078,"full_318_effects_36_studies","95% posterior predictive interval"
"lnRR","lnRR_extended_sd_prior_sensitivity","new_study_prediction","observed_new_effect",-0.224947980487671,-0.225234498318333,-0.968787921406811,0.520466338819871,"animal","iqr_high",0.04549783625,1,1.48925426022668,"full_318_effects_36_studies","95% posterior predictive interval"
"lnRR","lnRR_extended_sd_prior_sensitivity","new_study_prediction","mean_of_1_new_effects",-0.224947980487671,-0.225234498318333,-0.968787921406811,0.520466338819871,"animal","iqr_high",0.04549783625,1,1.48925426022668,"full_318_effects_36_studies","95% posterior predictive interval"
"lnRR","lnRR_extended_sd_prior_sensitivity","new_study_prediction","mean_of_5_new_effects",-0.221916322702164,-0.224181173693133,-0.694406131490903,0.234178540357702,"animal","iqr_high",0.04549783625,5,0.928584671848605,"full_318_effects_36_studies","95% posterior predictive interval"
"lnRR","lnRR_extended_sd_prior_sensitivity","new_study_prediction","mean_of_10_new_effects",-0.218308331508049,-0.217206205580872,-0.625500832318259,0.173881320881996,"animal","iqr_high",0.04549783625,10,0.799382153200255,"full_318_effects_36_studies","95% posterior predictive interval"
"lnRR","lnRR_extended_sd_prior_sensitivity","new_study_prediction","latent_new_study_mean",-0.461903477656159,-0.462197468955997,-1.22326467646049,0.295268238992911,"plant","median",0.006513485,NA,1.5185329154534,"full_318_effects_36_studies","95% posterior predictive interval"
"lnRR","lnRR_extended_sd_prior_sensitivity","new_study_prediction","latent_new_effect",-0.457009062868904,-0.472068561955466,-1.39256323937948,0.483624436913052,"plant","median",0.006513485,NA,1.87618767629253,"full_318_effects_36_studies","95% posterior predictive interval"
"lnRR","lnRR_extended_sd_prior_sensitivity","new_study_prediction","observed_new_effect",-0.474603715495772,-0.471697502008241,-1.42132362310695,0.490970703095002,"plant","median",0.006513485,1,1.91229432620195,"full_318_effects_36_studies","95% posterior predictive interval"
"lnRR","lnRR_extended_sd_prior_sensitivity","new_study_prediction","mean_of_1_new_effects",-0.474603715495772,-0.471697502008241,-1.42132362310695,0.490970703095002,"plant","median",0.006513485,1,1.91229432620195,"full_318_effects_36_studies","95% posterior predictive interval"
"lnRR","lnRR_extended_sd_prior_sensitivity","new_study_prediction","mean_of_5_new_effects",-0.455331644778091,-0.463687492192934,-1.23944764018285,0.336005918102949,"plant","median",0.006513485,5,1.5754535582858,"full_318_effects_36_studies","95% posterior predictive interval"
"lnRR","lnRR_extended_sd_prior_sensitivity","new_study_prediction","mean_of_10_new_effects",-0.464557461949719,-0.468750964319544,-1.21147074193067,0.293854996264517,"plant","median",0.006513485,10,1.50532573819519,"full_318_effects_36_studies","95% posterior predictive interval"
"lnRR","lnRR_extended_sd_prior_sensitivity","new_study_prediction","latent_new_study_mean",-0.461903477656159,-0.462197468955997,-1.22326467646049,0.295268238992911,"plant","iqr_low",0.00273020875,NA,1.5185329154534,"full_318_effects_36_studies","95% posterior predictive interval"
"lnRR","lnRR_extended_sd_prior_sensitivity","new_study_prediction","latent_new_effect",-0.457009062868904,-0.472068561955466,-1.39256323937948,0.483624436913052,"plant","iqr_low",0.00273020875,NA,1.87618767629253,"full_318_effects_36_studies","95% posterior predictive interval"
"lnRR","lnRR_extended_sd_prior_sensitivity","new_study_prediction","observed_new_effect",-0.46676569331468,-0.467038591460188,-1.41149365012872,0.526383376338623,"plant","iqr_low",0.00273020875,1,1.93787702646734,"full_318_effects_36_studies","95% posterior predictive interval"
"lnRR","lnRR_extended_sd_prior_sensitivity","new_study_prediction","mean_of_1_new_effects",-0.46676569331468,-0.467038591460188,-1.41149365012872,0.526383376338623,"plant","iqr_low",0.00273020875,1,1.93787702646734,"full_318_effects_36_studies","95% posterior predictive interval"
"lnRR","lnRR_extended_sd_prior_sensitivity","new_study_prediction","mean_of_5_new_effects",-0.457060847350274,-0.458265035402583,-1.21320551712271,0.332730531108054,"plant","iqr_low",0.00273020875,5,1.54593604823076,"full_318_effects_36_studies","95% posterior predictive interval"
"lnRR","lnRR_extended_sd_prior_sensitivity","new_study_prediction","mean_of_10_new_effects",-0.452932679985272,-0.451978397163775,-1.20343377549317,0.319591295022169,"plant","iqr_low",0.00273020875,10,1.52302507051534,"full_318_effects_36_studies","95% posterior predictive interval"
"lnRR","lnRR_extended_sd_prior_sensitivity","new_study_prediction","latent_new_study_mean",-0.461903477656159,-0.462197468955997,-1.22326467646049,0.295268238992911,"plant","iqr_high",0.01414584375,NA,1.5185329154534,"full_318_effects_36_studies","95% posterior predictive interval"
"lnRR","lnRR_extended_sd_prior_sensitivity","new_study_prediction","latent_new_effect",-0.457009062868904,-0.472068561955466,-1.39256323937948,0.483624436913052,"plant","iqr_high",0.01414584375,NA,1.87618767629253,"full_318_effects_36_studies","95% posterior predictive interval"
"lnRR","lnRR_extended_sd_prior_sensitivity","new_study_prediction","observed_new_effect",-0.465357528616924,-0.466796929783189,-1.49329606811109,0.507347750024908,"plant","iqr_high",0.01414584375,1,2.000643818136,"full_318_effects_36_studies","95% posterior predictive interval"
"lnRR","lnRR_extended_sd_prior_sensitivity","new_study_prediction","mean_of_1_new_effects",-0.465357528616924,-0.466796929783189,-1.49329606811109,0.507347750024908,"plant","iqr_high",0.01414584375,1,2.000643818136,"full_318_effects_36_studies","95% posterior predictive interval"
"lnRR","lnRR_extended_sd_prior_sensitivity","new_study_prediction","mean_of_5_new_effects",-0.460488659278552,-0.455786159560607,-1.25881268369163,0.325262531574724,"plant","iqr_high",0.01414584375,5,1.58407521526635,"full_318_effects_36_studies","95% posterior predictive interval"
"lnRR","lnRR_extended_sd_prior_sensitivity","new_study_prediction","mean_of_10_new_effects",-0.457218147713047,-0.458559712599661,-1.1905328265032,0.263399727589367,"plant","iqr_high",0.01414584375,10,1.45393255409257,"full_318_effects_36_studies","95% posterior predictive interval"
"lnCVR","lnCVR_baseline_primary","new_study_prediction","latent_new_study_mean",0.29439935711262,0.286353976815031,-0.23312157407857,0.846414580761809,"animal","median",0.335383545990053,NA,1.07953615484038,"full_318_effects_36_studies","95% posterior predictive interval"
"lnCVR","lnCVR_baseline_primary","new_study_prediction","latent_new_effect",0.2974087893289,0.301339334135759,-0.702395491880797,1.32244555740621,"animal","median",0.335383545990053,NA,2.02484104928701,"full_318_effects_36_studies","95% posterior predictive interval"
"lnCVR","lnCVR_baseline_primary","new_study_prediction","observed_new_effect",0.294713366111239,0.31170214077975,-1.27236870947102,1.79042341307429,"animal","median",0.335383545990053,1,3.06279212254531,"full_318_effects_36_studies","95% posterior predictive interval"
"lnCVR","lnCVR_baseline_primary","new_study_prediction","mean_of_1_new_effects",0.294713366111239,0.31170214077975,-1.27236870947102,1.79042341307429,"animal","median",0.335383545990053,1,3.06279212254531,"full_318_effects_36_studies","95% posterior predictive interval"
"lnCVR","lnCVR_baseline_primary","new_study_prediction","mean_of_5_new_effects",0.310708929795814,0.307613900616264,-0.521639280178608,1.12128683212247,"animal","median",0.335383545990053,5,1.64292611230108,"full_318_effects_36_studies","95% posterior predictive interval"
"lnCVR","lnCVR_baseline_primary","new_study_prediction","mean_of_10_new_effects",0.303957478208205,0.306250460541243,-0.419645342873033,0.994231402206943,"animal","median",0.335383545990053,10,1.41387674507998,"full_318_effects_36_studies","95% posterior predictive interval"
"lnCVR","lnCVR_baseline_primary","new_study_prediction","latent_new_study_mean",0.29439935711262,0.286353976815031,-0.23312157407857,0.846414580761809,"animal","iqr_low",0.154653504764274,NA,1.07953615484038,"full_318_effects_36_studies","95% posterior predictive interval"
"lnCVR","lnCVR_baseline_primary","new_study_prediction","latent_new_effect",0.2974087893289,0.301339334135759,-0.702395491880797,1.32244555740621,"animal","iqr_low",0.154653504764274,NA,2.02484104928701,"full_318_effects_36_studies","95% posterior predictive interval"
"lnCVR","lnCVR_baseline_primary","new_study_prediction","observed_new_effect",0.3061970646487,0.299614167368023,-0.952343890209353,1.58881469249876,"animal","iqr_low",0.154653504764274,1,2.54115858270811,"full_318_effects_36_studies","95% posterior predictive interval"
"lnCVR","lnCVR_baseline_primary","new_study_prediction","mean_of_1_new_effects",0.3061970646487,0.299614167368023,-0.952343890209353,1.58881469249876,"animal","iqr_low",0.154653504764274,1,2.54115858270811,"full_318_effects_36_studies","95% posterior predictive interval"
"lnCVR","lnCVR_baseline_primary","new_study_prediction","mean_of_5_new_effects",0.289539765460148,0.292344036234177,-0.452942448458321,1.03418781836803,"animal","iqr_low",0.154653504764274,5,1.48713026682635,"full_318_effects_36_studies","95% posterior predictive interval"
"lnCVR","lnCVR_baseline_primary","new_study_prediction","mean_of_10_new_effects",0.293515899569188,0.289669332448041,-0.339767431717935,0.933956362404884,"animal","iqr_low",0.154653504764274,10,1.27372379412282,"full_318_effects_36_studies","95% posterior predictive interval"
"lnCVR","lnCVR_baseline_primary","new_study_prediction","latent_new_study_mean",0.29439935711262,0.286353976815031,-0.23312157407857,0.846414580761809,"animal","iqr_high",0.513883170591032,NA,1.07953615484038,"full_318_effects_36_studies","95% posterior predictive interval"
"lnCVR","lnCVR_baseline_primary","new_study_prediction","latent_new_effect",0.2974087893289,0.301339334135759,-0.702395491880797,1.32244555740621,"animal","iqr_high",0.513883170591032,NA,2.02484104928701,"full_318_effects_36_studies","95% posterior predictive interval"
"lnCVR","lnCVR_baseline_primary","new_study_prediction","observed_new_effect",0.319100892726605,0.329344061625486,-1.39666169869177,2.06678184731218,"animal","iqr_high",0.513883170591032,1,3.46344354600395,"full_318_effects_36_studies","95% posterior predictive interval"
"lnCVR","lnCVR_baseline_primary","new_study_prediction","mean_of_1_new_effects",0.319100892726605,0.329344061625486,-1.39666169869177,2.06678184731218,"animal","iqr_high",0.513883170591032,1,3.46344354600395,"full_318_effects_36_studies","95% posterior predictive interval"
"lnCVR","lnCVR_baseline_primary","new_study_prediction","mean_of_5_new_effects",0.293070533712452,0.291698377591968,-0.591335557108119,1.1924918764472,"animal","iqr_high",0.513883170591032,5,1.78382743355532,"full_318_effects_36_studies","95% posterior predictive interval"
"lnCVR","lnCVR_baseline_primary","new_study_prediction","mean_of_10_new_effects",0.297041585850122,0.284661471923803,-0.440229455837348,1.06203711809236,"animal","iqr_high",0.513883170591032,10,1.50226657392971,"full_318_effects_36_studies","95% posterior predictive interval"
"lnCVR","lnCVR_baseline_primary","new_study_prediction","latent_new_study_mean",0.369919306365482,0.367966212974924,-0.219035346243535,0.943525357493698,"plant","median",0.502590506063863,NA,1.16256070373723,"full_318_effects_36_studies","95% posterior predictive interval"
"lnCVR","lnCVR_baseline_primary","new_study_prediction","latent_new_effect",0.378865343729863,0.37370949503338,-1.11430403676994,1.9369433140791,"plant","median",0.502590506063863,NA,3.05124735084904,"full_318_effects_36_studies","95% posterior predictive interval"
"lnCVR","lnCVR_baseline_primary","new_study_prediction","observed_new_effect",0.359052915023207,0.374221479684911,-1.66633146737102,2.35781447943397,"plant","median",0.502590506063863,1,4.02414594680499,"full_318_effects_36_studies","95% posterior predictive interval"
"lnCVR","lnCVR_baseline_primary","new_study_prediction","mean_of_1_new_effects",0.359052915023207,0.374221479684911,-1.66633146737102,2.35781447943397,"plant","median",0.502590506063863,1,4.02414594680499,"full_318_effects_36_studies","95% posterior predictive interval"
"lnCVR","lnCVR_baseline_primary","new_study_prediction","mean_of_5_new_effects",0.369452890568707,0.369996559792047,-0.690579985164717,1.38715593932216,"plant","median",0.502590506063863,5,2.07773592448688,"full_318_effects_36_studies","95% posterior predictive interval"
"lnCVR","lnCVR_baseline_primary","new_study_prediction","mean_of_10_new_effects",0.377504481942357,0.382140875119824,-0.442133696132551,1.24165265852511,"plant","median",0.502590506063863,10,1.68378635465766,"full_318_effects_36_studies","95% posterior predictive interval"
"lnCVR","lnCVR_baseline_primary","new_study_prediction","latent_new_study_mean",0.369919306365482,0.367966212974924,-0.219035346243535,0.943525357493698,"plant","iqr_low",0.208355250308206,NA,1.16256070373723,"full_318_effects_36_studies","95% posterior predictive interval"
"lnCVR","lnCVR_baseline_primary","new_study_prediction","latent_new_effect",0.378865343729863,0.37370949503338,-1.11430403676994,1.9369433140791,"plant","iqr_low",0.208355250308206,NA,3.05124735084904,"full_318_effects_36_studies","95% posterior predictive interval"
"lnCVR","lnCVR_baseline_primary","new_study_prediction","observed_new_effect",0.380165617553123,0.38018311362707,-1.41513964142856,2.13910296681072,"plant","iqr_low",0.208355250308206,1,3.55424260823928,"full_318_effects_36_studies","95% posterior predictive interval"
"lnCVR","lnCVR_baseline_primary","new_study_prediction","mean_of_1_new_effects",0.380165617553123,0.38018311362707,-1.41513964142856,2.13910296681072,"plant","iqr_low",0.208355250308206,1,3.55424260823928,"full_318_effects_36_studies","95% posterior predictive interval"
"lnCVR","lnCVR_baseline_primary","new_study_prediction","mean_of_5_new_effects",0.366289490797439,0.369596984825187,-0.57369349919819,1.28548656669021,"plant","iqr_low",0.208355250308206,5,1.8591800658884,"full_318_effects_36_studies","95% posterior predictive interval"
"lnCVR","lnCVR_baseline_primary","new_study_prediction","mean_of_10_new_effects",0.385769614471765,0.388369666137388,-0.384748933882969,1.12344355821122,"plant","iqr_low",0.208355250308206,10,1.50819249209419,"full_318_effects_36_studies","95% posterior predictive interval"
"lnCVR","lnCVR_baseline_primary","new_study_prediction","latent_new_study_mean",0.369919306365482,0.367966212974924,-0.219035346243535,0.943525357493698,"plant","iqr_high",1.00225849082931,NA,1.16256070373723,"full_318_effects_36_studies","95% posterior predictive interval"
"lnCVR","lnCVR_baseline_primary","new_study_prediction","latent_new_effect",0.378865343729863,0.37370949503338,-1.11430403676994,1.9369433140791,"plant","iqr_high",1.00225849082931,NA,3.05124735084904,"full_318_effects_36_studies","95% posterior predictive interval"
"lnCVR","lnCVR_baseline_primary","new_study_prediction","observed_new_effect",0.399312214298376,0.385902521861854,-2.05597999123339,2.7722851218214,"plant","iqr_high",1.00225849082931,1,4.82826511305479,"full_318_effects_36_studies","95% posterior predictive interval"
"lnCVR","lnCVR_baseline_primary","new_study_prediction","mean_of_1_new_effects",0.399312214298376,0.385902521861854,-2.05597999123339,2.7722851218214,"plant","iqr_high",1.00225849082931,1,4.82826511305479,"full_318_effects_36_studies","95% posterior predictive interval"
"lnCVR","lnCVR_baseline_primary","new_study_prediction","mean_of_5_new_effects",0.381630577093956,0.389692232352751,-0.853017641578686,1.58523809577681,"plant","iqr_high",1.00225849082931,5,2.4382557373555,"full_318_effects_36_studies","95% posterior predictive interval"
"lnCVR","lnCVR_baseline_primary","new_study_prediction","mean_of_10_new_effects",0.393090429734237,0.393864347878476,-0.57935922992723,1.32549919993203,"plant","iqr_high",1.00225849082931,10,1.90485842985926,"full_318_effects_36_studies","95% posterior predictive interval"
"lnCVR","lnCVR_extended_primary","new_study_prediction","latent_new_study_mean",0.256900287812093,0.248438405910303,-0.262677263976639,0.808659574820853,"animal","median",0.335383545990053,NA,1.07133683879749,"full_318_effects_36_studies","95% posterior predictive interval"
"lnCVR","lnCVR_extended_primary","new_study_prediction","latent_new_effect",0.259761050605378,0.267825278552496,-0.797226051195771,1.2480144791651,"animal","median",0.335383545990053,NA,2.04524053036087,"full_318_effects_36_studies","95% posterior predictive interval"
"lnCVR","lnCVR_extended_primary","new_study_prediction","observed_new_effect",0.255832991690097,0.261579796486014,-1.3021509064301,1.78964341904177,"animal","median",0.335383545990053,1,3.09179432547187,"full_318_effects_36_studies","95% posterior predictive interval"
"lnCVR","lnCVR_extended_primary","new_study_prediction","mean_of_1_new_effects",0.255832991690097,0.261579796486014,-1.3021509064301,1.78964341904177,"animal","median",0.335383545990053,1,3.09179432547187,"full_318_effects_36_studies","95% posterior predictive interval"
"lnCVR","lnCVR_extended_primary","new_study_prediction","mean_of_5_new_effects",0.273169001650107,0.277436074414687,-0.574232231785958,1.11181863509974,"animal","median",0.335383545990053,5,1.6860508668857,"full_318_effects_36_studies","95% posterior predictive interval"
"lnCVR","lnCVR_extended_primary","new_study_prediction","mean_of_10_new_effects",0.265454731047183,0.264909226135982,-0.392531505501164,0.950346206808866,"animal","median",0.335383545990053,10,1.34287771231003,"full_318_effects_36_studies","95% posterior predictive interval"
"lnCVR","lnCVR_extended_primary","new_study_prediction","latent_new_study_mean",0.256900287812093,0.248438405910303,-0.262677263976639,0.808659574820853,"animal","iqr_low",0.154653504764274,NA,1.07133683879749,"full_318_effects_36_studies","95% posterior predictive interval"
"lnCVR","lnCVR_extended_primary","new_study_prediction","latent_new_effect",0.259761050605378,0.267825278552496,-0.797226051195771,1.2480144791651,"animal","iqr_low",0.154653504764274,NA,2.04524053036087,"full_318_effects_36_studies","95% posterior predictive interval"
"lnCVR","lnCVR_extended_primary","new_study_prediction","observed_new_effect",0.266330962814189,0.270532131450532,-1.03759317814283,1.55991669408904,"animal","iqr_low",0.154653504764274,1,2.59750987223187,"full_318_effects_36_studies","95% posterior predictive interval"
"lnCVR","lnCVR_extended_primary","new_study_prediction","mean_of_1_new_effects",0.266330962814189,0.270532131450532,-1.03759317814283,1.55991669408904,"animal","iqr_low",0.154653504764274,1,2.59750987223187,"full_318_effects_36_studies","95% posterior predictive interval"
"lnCVR","lnCVR_extended_primary","new_study_prediction","mean_of_5_new_effects",0.250378187393561,0.255929110396866,-0.484971599948462,0.976764955240245,"animal","iqr_low",0.154653504764274,5,1.46173655518871,"full_318_effects_36_studies","95% posterior predictive interval"
"lnCVR","lnCVR_extended_primary","new_study_prediction","mean_of_10_new_effects",0.255085725625904,0.254643984687128,-0.381366305455358,0.890806318763136,"animal","iqr_low",0.154653504764274,10,1.27217262421849,"full_318_effects_36_studies","95% posterior predictive interval"
"lnCVR","lnCVR_extended_primary","new_study_prediction","latent_new_study_mean",0.256900287812093,0.248438405910303,-0.262677263976639,0.808659574820853,"animal","iqr_high",0.513883170591032,NA,1.07133683879749,"full_318_effects_36_studies","95% posterior predictive interval"
"lnCVR","lnCVR_extended_primary","new_study_prediction","latent_new_effect",0.259761050605378,0.267825278552496,-0.797226051195771,1.2480144791651,"animal","iqr_high",0.513883170591032,NA,2.04524053036087,"full_318_effects_36_studies","95% posterior predictive interval"
"lnCVR","lnCVR_extended_primary","new_study_prediction","observed_new_effect",0.281193137543798,0.294020846314896,-1.43976769078858,2.05009078582704,"animal","iqr_high",0.513883170591032,1,3.48985847661562,"full_318_effects_36_studies","95% posterior predictive interval"
"lnCVR","lnCVR_extended_primary","new_study_prediction","mean_of_1_new_effects",0.281193137543798,0.294020846314896,-1.43976769078858,2.05009078582704,"animal","iqr_high",0.513883170591032,1,3.48985847661562,"full_318_effects_36_studies","95% posterior predictive interval"
"lnCVR","lnCVR_extended_primary","new_study_prediction","mean_of_5_new_effects",0.252923402566588,0.258822983771799,-0.670371031482051,1.13458158171377,"animal","iqr_high",0.513883170591032,5,1.80495261319582,"full_318_effects_36_studies","95% posterior predictive interval"
"lnCVR","lnCVR_extended_primary","new_study_prediction","mean_of_10_new_effects",0.259199706080192,0.254278802009256,-0.477379550704065,1.02324554067144,"animal","iqr_high",0.513883170591032,10,1.5006250913755,"full_318_effects_36_studies","95% posterior predictive interval"
"lnCVR","lnCVR_extended_primary","new_study_prediction","latent_new_study_mean",0.38407954689788,0.368445854717605,-0.238548153881932,1.05449253688719,"plant","median",0.502590506063863,NA,1.29304069076912,"full_318_effects_36_studies","95% posterior predictive interval"
"lnCVR","lnCVR_extended_primary","new_study_prediction","latent_new_effect",0.393371167118688,0.377541385249999,-1.16346612684891,2.00334146713257,"plant","median",0.502590506063863,NA,3.16680759398148,"full_318_effects_36_studies","95% posterior predictive interval"
"lnCVR","lnCVR_extended_primary","new_study_prediction","observed_new_effect",0.373534765538104,0.392468482020769,-1.7227227686515,2.43993125427385,"plant","median",0.502590506063863,1,4.16265402292535,"full_318_effects_36_studies","95% posterior predictive interval"
"lnCVR","lnCVR_extended_primary","new_study_prediction","mean_of_1_new_effects",0.373534765538104,0.392468482020769,-1.7227227686515,2.43993125427385,"plant","median",0.502590506063863,1,4.16265402292535,"full_318_effects_36_studies","95% posterior predictive interval"
"lnCVR","lnCVR_extended_primary","new_study_prediction","mean_of_5_new_effects",0.384223966125623,0.383400965791167,-0.705651350007623,1.45449439392914,"plant","median",0.502590506063863,5,2.16014574393676,"full_318_effects_36_studies","95% posterior predictive interval"
"lnCVR","lnCVR_extended_primary","new_study_prediction","mean_of_10_new_effects",0.392642795345622,0.384598120300829,-0.46837585464623,1.29926138933033,"plant","median",0.502590506063863,10,1.76763724397656,"full_318_effects_36_studies","95% posterior predictive interval"
"lnCVR","lnCVR_extended_primary","new_study_prediction","latent_new_study_mean",0.38407954689788,0.368445854717605,-0.238548153881932,1.05449253688719,"plant","iqr_low",0.208355250308206,NA,1.29304069076912,"full_318_effects_36_studies","95% posterior predictive interval"
"lnCVR","lnCVR_extended_primary","new_study_prediction","latent_new_effect",0.393371167118688,0.377541385249999,-1.16346612684891,2.00334146713257,"plant","iqr_low",0.208355250308206,NA,3.16680759398148,"full_318_effects_36_studies","95% posterior predictive interval"
"lnCVR","lnCVR_extended_primary","new_study_prediction","observed_new_effect",0.397955600179013,0.388475186690225,-1.43685451978796,2.25937425880687,"plant","iqr_low",0.208355250308206,1,3.69622877859483,"full_318_effects_36_studies","95% posterior predictive interval"
"lnCVR","lnCVR_extended_primary","new_study_prediction","mean_of_1_new_effects",0.397955600179013,0.388475186690225,-1.43685451978796,2.25937425880687,"plant","iqr_low",0.208355250308206,1,3.69622877859483,"full_318_effects_36_studies","95% posterior predictive interval"
"lnCVR","lnCVR_extended_primary","new_study_prediction","mean_of_5_new_effects",0.382321798078317,0.381104665636206,-0.573396399278569,1.34269703129855,"plant","iqr_low",0.208355250308206,5,1.91609343057712,"full_318_effects_36_studies","95% posterior predictive interval"
"lnCVR","lnCVR_extended_primary","new_study_prediction","mean_of_10_new_effects",0.403221684432972,0.401535826126512,-0.380187678220953,1.21581763921979,"plant","iqr_low",0.208355250308206,10,1.59600531744074,"full_318_effects_36_studies","95% posterior predictive interval"
"lnCVR","lnCVR_extended_primary","new_study_prediction","latent_new_study_mean",0.38407954689788,0.368445854717605,-0.238548153881932,1.05449253688719,"plant","iqr_high",1.00225849082931,NA,1.29304069076912,"full_318_effects_36_studies","95% posterior predictive interval"
"lnCVR","lnCVR_extended_primary","new_study_prediction","latent_new_effect",0.393371167118688,0.377541385249999,-1.16346612684891,2.00334146713257,"plant","iqr_high",1.00225849082931,NA,3.16680759398148,"full_318_effects_36_studies","95% posterior predictive interval"
"lnCVR","lnCVR_extended_primary","new_study_prediction","observed_new_effect",0.414214979378722,0.40601603296381,-2.09386176262286,2.8753865829664,"plant","iqr_high",1.00225849082931,1,4.96924834558926,"full_318_effects_36_studies","95% posterior predictive interval"
"lnCVR","lnCVR_extended_primary","new_study_prediction","mean_of_1_new_effects",0.414214979378722,0.40601603296381,-2.09386176262286,2.8753865829664,"plant","iqr_high",1.00225849082931,1,4.96924834558926,"full_318_effects_36_studies","95% posterior predictive interval"
"lnCVR","lnCVR_extended_primary","new_study_prediction","mean_of_5_new_effects",0.39653529423035,0.404621158085724,-0.876175466433315,1.63935777645466,"plant","iqr_high",1.00225849082931,5,2.51553324288798,"full_318_effects_36_studies","95% posterior predictive interval"
"lnCVR","lnCVR_extended_primary","new_study_prediction","mean_of_10_new_effects",0.408381323951914,0.413625443606238,-0.561038969718352,1.34400325262752,"plant","iqr_high",1.00225849082931,10,1.90504222234587,"full_318_effects_36_studies","95% posterior predictive interval"
"lnCVR","lnCVR_extended_sd_prior_sensitivity","new_study_prediction","latent_new_study_mean",0.257646177165496,0.252721729292444,-0.316116784268109,0.851316902962748,"animal","median",0.335383545990053,NA,1.16743368723086,"full_318_effects_36_studies","95% posterior predictive interval"
"lnCVR","lnCVR_extended_sd_prior_sensitivity","new_study_prediction","latent_new_effect",0.260129860029278,0.264582104886004,-0.79410676606619,1.29838357669781,"animal","median",0.335383545990053,NA,2.092490342764,"full_318_effects_36_studies","95% posterior predictive interval"
"lnCVR","lnCVR_extended_sd_prior_sensitivity","new_study_prediction","observed_new_effect",0.258112316716998,0.258495240946101,-1.32326330134721,1.78012948827451,"animal","median",0.335383545990053,1,3.10339278962172,"full_318_effects_36_studies","95% posterior predictive interval"
"lnCVR","lnCVR_extended_sd_prior_sensitivity","new_study_prediction","mean_of_1_new_effects",0.258112316716998,0.258495240946101,-1.32326330134721,1.78012948827451,"animal","median",0.335383545990053,1,3.10339278962172,"full_318_effects_36_studies","95% posterior predictive interval"
"lnCVR","lnCVR_extended_sd_prior_sensitivity","new_study_prediction","mean_of_5_new_effects",0.275180026642295,0.274811872873841,-0.563509810420028,1.13262235085095,"animal","median",0.335383545990053,5,1.69613216127098,"full_318_effects_36_studies","95% posterior predictive interval"
"lnCVR","lnCVR_extended_sd_prior_sensitivity","new_study_prediction","mean_of_10_new_effects",0.26824636203602,0.2699910355475,-0.435539063845754,0.981299193795901,"animal","median",0.335383545990053,10,1.41683825764165,"full_318_effects_36_studies","95% posterior predictive interval"
"lnCVR","lnCVR_extended_sd_prior_sensitivity","new_study_prediction","latent_new_study_mean",0.257646177165496,0.252721729292444,-0.316116784268109,0.851316902962748,"animal","iqr_low",0.154653504764274,NA,1.16743368723086,"full_318_effects_36_studies","95% posterior predictive interval"
"lnCVR","lnCVR_extended_sd_prior_sensitivity","new_study_prediction","latent_new_effect",0.260129860029278,0.264582104886004,-0.79410676606619,1.29838357669781,"animal","iqr_low",0.154653504764274,NA,2.092490342764,"full_318_effects_36_studies","95% posterior predictive interval"
"lnCVR","lnCVR_extended_sd_prior_sensitivity","new_study_prediction","observed_new_effect",0.269633937789545,0.266936923144705,-1.01550092677242,1.57355436181124,"animal","iqr_low",0.154653504764274,1,2.58905528858366,"full_318_effects_36_studies","95% posterior predictive interval"
"lnCVR","lnCVR_extended_sd_prior_sensitivity","new_study_prediction","mean_of_1_new_effects",0.269633937789545,0.266936923144705,-1.01550092677242,1.57355436181124,"animal","iqr_low",0.154653504764274,1,2.58905528858366,"full_318_effects_36_studies","95% posterior predictive interval"
"lnCVR","lnCVR_extended_sd_prior_sensitivity","new_study_prediction","mean_of_5_new_effects",0.254116893538711,0.259104296360168,-0.493994358895628,1.02263720268221,"animal","iqr_low",0.154653504764274,5,1.51663156157784,"full_318_effects_36_studies","95% posterior predictive interval"
"lnCVR","lnCVR_extended_sd_prior_sensitivity","new_study_prediction","mean_of_10_new_effects",0.255988736360897,0.255056642481507,-0.401995854124956,0.905253674640079,"animal","iqr_low",0.154653504764274,10,1.30724952876503,"full_318_effects_36_studies","95% posterior predictive interval"
"lnCVR","lnCVR_extended_sd_prior_sensitivity","new_study_prediction","latent_new_study_mean",0.257646177165496,0.252721729292444,-0.316116784268109,0.851316902962748,"animal","iqr_high",0.513883170591032,NA,1.16743368723086,"full_318_effects_36_studies","95% posterior predictive interval"
"lnCVR","lnCVR_extended_sd_prior_sensitivity","new_study_prediction","latent_new_effect",0.260129860029278,0.264582104886004,-0.79410676606619,1.29838357669781,"animal","iqr_high",0.513883170591032,NA,2.092490342764,"full_318_effects_36_studies","95% posterior predictive interval"
"lnCVR","lnCVR_extended_sd_prior_sensitivity","new_study_prediction","observed_new_effect",0.282116434156573,0.296093247605926,-1.47154009566885,2.0236722954794,"animal","iqr_high",0.513883170591032,1,3.49521239114825,"full_318_effects_36_studies","95% posterior predictive interval"
"lnCVR","lnCVR_extended_sd_prior_sensitivity","new_study_prediction","mean_of_1_new_effects",0.282116434156573,0.296093247605926,-1.47154009566885,2.0236722954794,"animal","iqr_high",0.513883170591032,1,3.49521239114825,"full_318_effects_36_studies","95% posterior predictive interval"
"lnCVR","lnCVR_extended_sd_prior_sensitivity","new_study_prediction","mean_of_5_new_effects",0.25449528834929,0.256357617206474,-0.696059775349592,1.15127946789878,"animal","iqr_high",0.513883170591032,5,1.84733924324837,"full_318_effects_36_studies","95% posterior predictive interval"
"lnCVR","lnCVR_extended_sd_prior_sensitivity","new_study_prediction","mean_of_10_new_effects",0.261829790201444,0.250562003738363,-0.480382417214713,1.06308103229756,"animal","iqr_high",0.513883170591032,10,1.54346344951227,"full_318_effects_36_studies","95% posterior predictive interval"
"lnCVR","lnCVR_extended_sd_prior_sensitivity","new_study_prediction","latent_new_study_mean",0.38718780866618,0.375395485574742,-0.276394862630899,1.08689907667456,"plant","median",0.502590506063863,NA,1.36329393930546,"full_318_effects_36_studies","95% posterior predictive interval"
"lnCVR","lnCVR_extended_sd_prior_sensitivity","new_study_prediction","latent_new_effect",0.397654931065919,0.38158365533684,-1.15777813887082,1.94353871825765,"plant","median",0.502590506063863,NA,3.10131685712847,"full_318_effects_36_studies","95% posterior predictive interval"
"lnCVR","lnCVR_extended_sd_prior_sensitivity","new_study_prediction","observed_new_effect",0.376475313938072,0.384916434551898,-1.70710551887813,2.41917142554272,"plant","median",0.502590506063863,1,4.12627694442085,"full_318_effects_36_studies","95% posterior predictive interval"
"lnCVR","lnCVR_extended_sd_prior_sensitivity","new_study_prediction","mean_of_1_new_effects",0.376475313938072,0.384916434551898,-1.70710551887813,2.41917142554272,"plant","median",0.502590506063863,1,4.12627694442085,"full_318_effects_36_studies","95% posterior predictive interval"
"lnCVR","lnCVR_extended_sd_prior_sensitivity","new_study_prediction","mean_of_5_new_effects",0.389509538359888,0.388539667177382,-0.730418391781158,1.52015387636898,"plant","median",0.502590506063863,5,2.25057226815014,"full_318_effects_36_studies","95% posterior predictive interval"
"lnCVR","lnCVR_extended_sd_prior_sensitivity","new_study_prediction","mean_of_10_new_effects",0.397912998302217,0.39403935424972,-0.484799190302862,1.37563472466407,"plant","median",0.502590506063863,10,1.86043391496693,"full_318_effects_36_studies","95% posterior predictive interval"
"lnCVR","lnCVR_extended_sd_prior_sensitivity","new_study_prediction","latent_new_study_mean",0.38718780866618,0.375395485574742,-0.276394862630899,1.08689907667456,"plant","iqr_low",0.208355250308206,NA,1.36329393930546,"full_318_effects_36_studies","95% posterior predictive interval"
"lnCVR","lnCVR_extended_sd_prior_sensitivity","new_study_prediction","latent_new_effect",0.397654931065919,0.38158365533684,-1.15777813887082,1.94353871825765,"plant","iqr_low",0.208355250308206,NA,3.10131685712847,"full_318_effects_36_studies","95% posterior predictive interval"
"lnCVR","lnCVR_extended_sd_prior_sensitivity","new_study_prediction","observed_new_effect",0.397540313430697,0.392954618136403,-1.42517395937569,2.24346170171658,"plant","iqr_low",0.208355250308206,1,3.66863566109227,"full_318_effects_36_studies","95% posterior predictive interval"
"lnCVR","lnCVR_extended_sd_prior_sensitivity","new_study_prediction","mean_of_1_new_effects",0.397540313430697,0.392954618136403,-1.42517395937569,2.24346170171658,"plant","iqr_low",0.208355250308206,1,3.66863566109227,"full_318_effects_36_studies","95% posterior predictive interval"
"lnCVR","lnCVR_extended_sd_prior_sensitivity","new_study_prediction","mean_of_5_new_effects",0.38499310872262,0.391645237092976,-0.575244797974426,1.38773969414096,"plant","iqr_low",0.208355250308206,5,1.96298449211539,"full_318_effects_36_studies","95% posterior predictive interval"
"lnCVR","lnCVR_extended_sd_prior_sensitivity","new_study_prediction","mean_of_10_new_effects",0.402787224691527,0.412405260542661,-0.43147553030353,1.23623315774916,"plant","iqr_low",0.208355250308206,10,1.66770868805269,"full_318_effects_36_studies","95% posterior predictive interval"
"lnCVR","lnCVR_extended_sd_prior_sensitivity","new_study_prediction","latent_new_study_mean",0.38718780866618,0.375395485574742,-0.276394862630899,1.08689907667456,"plant","iqr_high",1.00225849082931,NA,1.36329393930546,"full_318_effects_36_studies","95% posterior predictive interval"
"lnCVR","lnCVR_extended_sd_prior_sensitivity","new_study_prediction","latent_new_effect",0.397654931065919,0.38158365533684,-1.15777813887082,1.94353871825765,"plant","iqr_high",1.00225849082931,NA,3.10131685712847,"full_318_effects_36_studies","95% posterior predictive interval"
"lnCVR","lnCVR_extended_sd_prior_sensitivity","new_study_prediction","observed_new_effect",0.415270539835373,0.405449239538401,-2.05560623307715,2.84416495247202,"plant","iqr_high",1.00225849082931,1,4.89977118554917,"full_318_effects_36_studies","95% posterior predictive interval"
"lnCVR","lnCVR_extended_sd_prior_sensitivity","new_study_prediction","mean_of_1_new_effects",0.415270539835373,0.405449239538401,-2.05560623307715,2.84416495247202,"plant","iqr_high",1.00225849082931,1,4.89977118554917,"full_318_effects_36_studies","95% posterior predictive interval"
"lnCVR","lnCVR_extended_sd_prior_sensitivity","new_study_prediction","mean_of_5_new_effects",0.398933040043369,0.399460189761948,-0.867457065522531,1.70185089918552,"plant","iqr_high",1.00225849082931,5,2.56930796470805,"full_318_effects_36_studies","95% posterior predictive interval"
"lnCVR","lnCVR_extended_sd_prior_sensitivity","new_study_prediction","mean_of_10_new_effects",0.412035793620533,0.415486817888443,-0.55215984770473,1.41389116419183,"plant","iqr_high",1.00225849082931,10,1.96605101189656,"full_318_effects_36_studies","95% posterior predictive interval"
